id,url,final_url,label,title,exam_source_id,publication_date,retrieved_at,status,content_type,path,sha256,bytes,error,role,hash_verified,content_reviewed
CEBRASPE_API_INDEX,https://apis.cebraspe.org.br/cebraspe/eventos/tipo/concursos/,https://apis.cebraspe.org.br/cebraspe/eventos/tipo/concursos/,,,,,2026-10-01T13:48:30.019472+00:00,200,application/json; charset=utf-8,sources/CEBRASPE_API_INDEX.html,6ea13e319c741ba79b6ba362a73636d06ac35265fc41e8497600829b04f70597,244145,,BUILD_OR_DISCOVERY,True,SEE_SEMANTIC_REVIEW_LOG_NOT_INFERRED_FROM_DOWNLOAD
CEBRASPE_ENCERRADOS,https://www.cebraspe.org.br/concursos/encerrado,https://www.cebraspe.org.br/concursos/encerrado,,,,,2026-10-01T13:46:13.527704+00:00,200,text/html,sources/CEBRASPE_ENCERRADOS.html,c03806f99b5ab2b0abfd002412ae0245f143bb532a55f01bb36b8edf7e9b7353,16788,,BUILD_OR_DISCOVERY,True,SEE_SEMANTIC_REVIEW_LOG_NOT_INFERRED_FROM_DOWNLOAD
CEBRASPE_INDEX,https://www.cebraspe.org.br/concursos/,https://www.cebraspe.org.br/concursos/,,,,,2026-10-01T13:46:13.526995+00:00,200,text/html,sources/CEBRASPE_INDEX.html,c03806f99b5ab2b0abfd002412ae0245f143bb532a55f01bb36b8edf7e9b7353,16788,,BUILD_OR_DISCOVERY,True,SEE_SEMANTIC_REVIEW_LOG_NOT_INFERRED_FROM_DOWNLOAD
CEB_AGU_22_ADVOGADO,https://apis.cebraspe.org.br/cebraspe/eventos/AGU_22_ADVOGADO,https://apis.cebraspe.org.br/cebraspe/eventos/AGU_22_ADVOGADO,,AGU - ADVOGADO 2022,,,2026-10-01T13:49:24.435218+00:00,200,application/json; charset=utf-8,sources/CEB_AGU_22_ADVOGADO.html,38225ffca3e178995e3e81d807729f3c8a3ebd238b951ff408163ff699091b24,21954,,BUILD_OR_DISCOVERY,True,SEE_SEMANTIC_REVIEW_LOG_NOT_INFERRED_FROM_DOWNLOAD
CEB_AGU_22_PROCURADOR_FAZENDA,https://apis.cebraspe.org.br/cebraspe/eventos/AGU_22_PROCURADOR_FAZENDA,https://apis.cebraspe.org.br/cebraspe/eventos/AGU_22_PROCURADOR_FAZENDA,,AGU - PROCURADOR DA FAZENDA 2022,,,2026-10-01T13:49:24.435596+00:00,200,application/json; charset=utf-8,sources/CEB_AGU_22_PROCURADOR_FAZENDA.html,f042b04a3ba5bbec0ac71b3819d4330d432ae84eed8e0ed9925fd40b4dda6e6c,23134,,BUILD_OR_DISCOVERY,True,SEE_SEMANTIC_REVIEW_LOG_NOT_INFERRED_FROM_DOWNLOAD
CEB_AGU_22_PROCURADOR_FEDERAL,https://apis.cebraspe.org.br/cebraspe/eventos/AGU_22_PROCURADOR_FEDERAL,https://apis.cebraspe.org.br/cebraspe/eventos/AGU_22_PROCURADOR_FEDERAL,,AGU - PROCURADOR FEDERAL 2022,,,2026-10-01T13:49:24.441721+00:00,200,application/json; charset=utf-8,sources/CEB_AGU_22_PROCURADOR_FEDERAL.html,fbd25737be085c6553ca0dd1d6c3c3b4be42972845066b9a5e25a695af81cab0,22769,,BUILD_OR_DISCOVERY,True,SEE_SEMANTIC_REVIEW_LOG_NOT_INFERRED_FROM_DOWNLOAD
CEB_AGU_22_PROCURADOR_FEDERAL_DOC_12,https://cdn.cebraspe.org.br/concursos/AGU_22_PROCURADOR_FEDERAL/arquivos/GAB_DEFINITIVO_806_AGU_PF_001_01.PDF,https://cdn.cebraspe.org.br/concursos/AGU_22_PROCURADOR_FEDERAL/arquivos/GAB_DEFINITIVO_806_AGU_PF_001_01.PDF,GABARITO DEFINITIVO - PROVA OBJETIVA (P1),,CEB_AGU_22_PROCURADOR_FEDERAL,2023-06-07T14:13:00,2026-10-01T13:50:47.487839+00:00,200,application/pdf,sources/CEB_AGU_22_PROCURADOR_FEDERAL_DOC_12.pdf,908a8f34feee76ae86f4bd0f177736bd32e80a2d247b0fe3f819858081eab9e3,39328,,BUILD_OR_DISCOVERY,True,SEE_SEMANTIC_REVIEW_LOG_NOT_INFERRED_FROM_DOWNLOAD
CEB_AGU_22_PROCURADOR_FEDERAL_DOC_13,https://cdn.cebraspe.org.br/concursos/AGU_22_PROCURADOR_FEDERAL/arquivos/806_AGU_PF_001_01.PDF,https://cdn.cebraspe.org.br/concursos/AGU_22_PROCURADOR_FEDERAL/arquivos/806_AGU_PF_001_01.PDF,PROVA OBJETIVA (P1),,CEB_AGU_22_PROCURADOR_FEDERAL,2023-05-12T19:00:00,2026-10-01T13:50:47.520036+00:00,200,application/pdf,sources/CEB_AGU_22_PROCURADOR_FEDERAL_DOC_13.pdf,cd207b368b0d5f904dba826f0d2ee35cb7f4de36777a94aef26bd5a0803fbc5f,354785,,BUILD_OR_DISCOVERY,True,SEE_SEMANTIC_REVIEW_LOG_NOT_INFERRED_FROM_DOWNLOAD
CEB_AGU_22_PROCURADOR_FEDERAL_DOC_5,https://cdn.cebraspe.org.br/concursos/AGU_22_PROCURADOR_FEDERAL/arquivos/910_MALOTE01_AGU_ORAL_COMPADRAO.PDF,https://cdn.cebraspe.org.br/concursos/AGU_22_PROCURADOR_FEDERAL/arquivos/910_MALOTE01_AGU_ORAL_COMPADRAO.PDF,PROVA ORAL - PONTO 1,,CEB_AGU_22_PROCURADOR_FEDERAL,2023-11-08T18:25:00,2026-10-01T13:50:47.338562+00:00,200,application/pdf,sources/CEB_AGU_22_PROCURADOR_FEDERAL_DOC_5.pdf,107d2763ceeff1e60afa14209f0c4ace849be193814e7eb18bbeb3ae91e35ea6,113570,,BUILD_OR_DISCOVERY,True,SEE_SEMANTIC_REVIEW_LOG_NOT_INFERRED_FROM_DOWNLOAD
CEB_DPE_AC_24_DEFENSOR,https://apis.cebraspe.org.br/cebraspe/eventos/DPE_AC_24_DEFENSOR,https://apis.cebraspe.org.br/cebraspe/eventos/DPE_AC_24_DEFENSOR,,DPE/AC 24 DEFENSOR,,,2026-10-01T13:49:24.660221+00:00,200,application/json; charset=utf-8,sources/CEB_DPE_AC_24_DEFENSOR.html,e75d25508c88d49f9ca35277f1c2654cbd5c27bb31c00d815cc0f69e5d7b7b2e,13767,,BUILD_OR_DISCOVERY,True,SEE_SEMANTIC_REVIEW_LOG_NOT_INFERRED_FROM_DOWNLOAD
CEB_DPE_AC_24_DEFENSOR_DOC_0,https://cdn.cebraspe.org.br/concursos/DPE_AC_24_DEFENSOR/arquivos/DIREITO_ADMINISTRATIVO_PONTO_1.PDF,https://cdn.cebraspe.org.br/concursos/DPE_AC_24_DEFENSOR/arquivos/DIREITO_ADMINISTRATIVO_PONTO_1.PDF,PROVA ORAL_COM PADRÃO DE RESPOSTA_DIREITO_ADMINISTRATIVO_PONTO_1,,CEB_DPE_AC_24_DEFENSOR,2024-07-23T18:00:00,2026-10-01T13:50:47.641672+00:00,200,application/pdf,sources/CEB_DPE_AC_24_DEFENSOR_DOC_0.pdf,466650a8d950ddc876d31a5f984292eb32cf190183d1106e57da5138127265b5,42933,,BUILD_OR_DISCOVERY,True,SEE_SEMANTIC_REVIEW_LOG_NOT_INFERRED_FROM_DOWNLOAD
CEB_DPE_AC_24_DEFENSOR_DOC_1,https://cdn.cebraspe.org.br/concursos/DPE_AC_24_DEFENSOR/arquivos/DIREITO_ADMINISTRATIVO_PONTO_2.PDF,https://cdn.cebraspe.org.br/concursos/DPE_AC_24_DEFENSOR/arquivos/DIREITO_ADMINISTRATIVO_PONTO_2.PDF,PROVA ORAL_COM PADRÃO DE RESPOSTA_DIREITO_ADMINISTRATIVO_PONTO_2,,CEB_DPE_AC_24_DEFENSOR,2024-07-23T18:00:00,2026-10-01T13:50:54.384088+00:00,200,application/pdf,sources/CEB_DPE_AC_24_DEFENSOR_DOC_1.pdf,5fedc45d97be0171504d64dabd7c7b6b75516d6da1adfa088dc8deb696d769c2,41243,,BUILD_OR_DISCOVERY,True,SEE_SEMANTIC_REVIEW_LOG_NOT_INFERRED_FROM_DOWNLOAD
CEB_DPE_AC_24_DEFENSOR_DOC_10,https://cdn.cebraspe.org.br/concursos/DPE_AC_24_DEFENSOR/arquivos/DIREITO_DO_IDOSO_PONTO_1.PDF,https://cdn.cebraspe.org.br/concursos/DPE_AC_24_DEFENSOR/arquivos/DIREITO_DO_IDOSO_PONTO_1.PDF,PROVA ORAL_COM PADRÃO DE RESPOSTA_DIREITO_DO_IDOSO_PONTO_1,,CEB_DPE_AC_24_DEFENSOR,2024-07-23T18:00:00,2026-10-01T13:51:01.134331+00:00,200,application/pdf,sources/CEB_DPE_AC_24_DEFENSOR_DOC_10.pdf,59f24b9947d4da8d1819bb3f35fc29d585acae6c04a8c9f3dd0774ebd6fe4c7f,35169,,BUILD_OR_DISCOVERY,True,SEE_SEMANTIC_REVIEW_LOG_NOT_INFERRED_FROM_DOWNLOAD
CEB_DPE_AC_24_DEFENSOR_DOC_11,https://cdn.cebraspe.org.br/concursos/DPE_AC_24_DEFENSOR/arquivos/DIREITO_DO_IDOSO_PONTO_2.PDF,https://cdn.cebraspe.org.br/concursos/DPE_AC_24_DEFENSOR/arquivos/DIREITO_DO_IDOSO_PONTO_2.PDF,PROVA ORAL_COM PADRÃO DE RESPOSTA_DIREITO_DO_IDOSO_PONTO_2,,CEB_DPE_AC_24_DEFENSOR,2024-07-23T18:00:00,2026-10-01T13:51:01.200945+00:00,200,application/pdf,sources/CEB_DPE_AC_24_DEFENSOR_DOC_11.pdf,d92206e3734ae8c6ac3680270875d0140cfad261f630ead93b69c10880fb0314,38309,,BUILD_OR_DISCOVERY,True,SEE_SEMANTIC_REVIEW_LOG_NOT_INFERRED_FROM_DOWNLOAD
CEB_DPE_AC_24_DEFENSOR_DOC_12,https://cdn.cebraspe.org.br/concursos/DPE_AC_24_DEFENSOR/arquivos/DIREITO_HUMANOS_PONTO_1.PDF,https://cdn.cebraspe.org.br/concursos/DPE_AC_24_DEFENSOR/arquivos/DIREITO_HUMANOS_PONTO_1.PDF,PROVA ORAL_COM PADRÃO DE RESPOSTA_DIREITOS_HUMANOS_PONTO_1,,CEB_DPE_AC_24_DEFENSOR,2024-07-23T18:00:00,2026-10-01T13:51:01.255651+00:00,200,application/pdf,sources/CEB_DPE_AC_24_DEFENSOR_DOC_12.pdf,f5ef51fd559b3c6c80e6e25548de35996962894a1cd2a63f48327667cfa6e68c,41112,,BUILD_OR_DISCOVERY,True,SEE_SEMANTIC_REVIEW_LOG_NOT_INFERRED_FROM_DOWNLOAD
CEB_DPE_AC_24_DEFENSOR_DOC_13,https://cdn.cebraspe.org.br/concursos/DPE_AC_24_DEFENSOR/arquivos/DIREITO_HUMANOS_PONTO_2.PDF,https://cdn.cebraspe.org.br/concursos/DPE_AC_24_DEFENSOR/arquivos/DIREITO_HUMANOS_PONTO_2.PDF,PROVA ORAL_COM PADRÃO DE RESPOSTA_DIREITOS_HUMANOS_PONTO_2,,CEB_DPE_AC_24_DEFENSOR,2024-07-23T18:00:00,2026-10-01T13:51:01.258533+00:00,200,application/pdf,sources/CEB_DPE_AC_24_DEFENSOR_DOC_13.pdf,15e16fdba680ff4ddd6307d0b532e88e2f71b8120a6948c218315f9eb898f397,49010,,BUILD_OR_DISCOVERY,True,SEE_SEMANTIC_REVIEW_LOG_NOT_INFERRED_FROM_DOWNLOAD
CEB_DPE_AC_24_DEFENSOR_DOC_14,https://cdn.cebraspe.org.br/concursos/DPE_AC_24_DEFENSOR/arquivos/DIREITO_PENAL_PONTO_1.PDF,https://cdn.cebraspe.org.br/concursos/DPE_AC_24_DEFENSOR/arquivos/DIREITO_PENAL_PONTO_1.PDF,PROVA ORAL_COM PADRÃO DE RESPOSTA_DIREITO_PENAL_PONTO_1,,CEB_DPE_AC_24_DEFENSOR,2024-07-23T18:00:00,2026-10-01T13:51:01.338033+00:00,200,application/pdf,sources/CEB_DPE_AC_24_DEFENSOR_DOC_14.pdf,b3ca6eb3afc63c823e4bf2055e3c3075819c05e937cfa5f9fd6164942a0b0b68,50123,,BUILD_OR_DISCOVERY,True,SEE_SEMANTIC_REVIEW_LOG_NOT_INFERRED_FROM_DOWNLOAD
CEB_DPE_AC_24_DEFENSOR_DOC_15,https://cdn.cebraspe.org.br/concursos/DPE_AC_24_DEFENSOR/arquivos/DIREITO_PENAL_PONTO_2.PDF,https://cdn.cebraspe.org.br/concursos/DPE_AC_24_DEFENSOR/arquivos/DIREITO_PENAL_PONTO_2.PDF,PROVA ORAL_COM PADRÃO DE RESPOSTA_DIREITO_PENAL_PONTO_2,,CEB_DPE_AC_24_DEFENSOR,2024-07-23T18:00:00,2026-10-01T13:51:01.347991+00:00,200,application/pdf,sources/CEB_DPE_AC_24_DEFENSOR_DOC_15.pdf,74bbe463ba74a7b17b26b06cd5d3bb4b00d5637190d0bb4a32f5235ffb3af8d1,38631,,BUILD_OR_DISCOVERY,True,SEE_SEMANTIC_REVIEW_LOG_NOT_INFERRED_FROM_DOWNLOAD
CEB_DPE_AC_24_DEFENSOR_DOC_16,https://cdn.cebraspe.org.br/concursos/DPE_AC_24_DEFENSOR/arquivos/DIREITO_PROCESSUAL_CIVIL_PONTO_1.PDF,https://cdn.cebraspe.org.br/concursos/DPE_AC_24_DEFENSOR/arquivos/DIREITO_PROCESSUAL_CIVIL_PONTO_1.PDF,PROVA ORAL_COM PADRÃO DE RESPOSTA_DIREITO_PROCESSUAL_CIVIL_PONTO_1,,CEB_DPE_AC_24_DEFENSOR,2024-07-23T18:00:00,2026-10-01T13:51:01.375679+00:00,200,application/pdf,sources/CEB_DPE_AC_24_DEFENSOR_DOC_16.pdf,016fdf23bddd3b5a96ad66174f18952d1eb5b8dc16b58a19c7b3deb0586bc3b4,45528,,BUILD_OR_DISCOVERY,True,SEE_SEMANTIC_REVIEW_LOG_NOT_INFERRED_FROM_DOWNLOAD
CEB_DPE_AC_24_DEFENSOR_DOC_17,https://cdn.cebraspe.org.br/concursos/DPE_AC_24_DEFENSOR/arquivos/DIREITO_PROCESSUAL_CIVIL_PONTO_2.PDF,https://cdn.cebraspe.org.br/concursos/DPE_AC_24_DEFENSOR/arquivos/DIREITO_PROCESSUAL_CIVIL_PONTO_2.PDF,PROVA ORAL_COM PADRÃO DE RESPOSTA_DIREITO_PROCESSUAL_CIVIL_PONTO_2,,CEB_DPE_AC_24_DEFENSOR,2024-07-23T18:00:00,2026-10-01T13:51:08.098255+00:00,200,application/pdf,sources/CEB_DPE_AC_24_DEFENSOR_DOC_17.pdf,2fba371bc4c4e97bb97f6a1531f8fb1d0e72df15e5953be2c106e4bb9e49e1d6,43370,,BUILD_OR_DISCOVERY,True,SEE_SEMANTIC_REVIEW_LOG_NOT_INFERRED_FROM_DOWNLOAD
CEB_DPE_AC_24_DEFENSOR_DOC_18,https://cdn.cebraspe.org.br/concursos/DPE_AC_24_DEFENSOR/arquivos/DIREITO_PROCESSUAL_PENAL_PONTO_1.PDF,https://cdn.cebraspe.org.br/concursos/DPE_AC_24_DEFENSOR/arquivos/DIREITO_PROCESSUAL_PENAL_PONTO_1.PDF,PROVA ORAL_COM PADRÃO DE RESPOSTA_DIREITO_PROCESSUAL_PENAL_PONTO_1,,CEB_DPE_AC_24_DEFENSOR,2024-07-23T18:00:00,2026-10-01T13:51:08.118014+00:00,200,application/pdf,sources/CEB_DPE_AC_24_DEFENSOR_DOC_18.pdf,af9d334d33f5d64ccf1250f89cd490df09b9ac2e27c5480888062bce12f9d950,38831,,BUILD_OR_DISCOVERY,True,SEE_SEMANTIC_REVIEW_LOG_NOT_INFERRED_FROM_DOWNLOAD
CEB_DPE_AC_24_DEFENSOR_DOC_19,https://cdn.cebraspe.org.br/concursos/DPE_AC_24_DEFENSOR/arquivos/DIREITO_PROCESSUAL_PENAL_PONTO_2.PDF,https://cdn.cebraspe.org.br/concursos/DPE_AC_24_DEFENSOR/arquivos/DIREITO_PROCESSUAL_PENAL_PONTO_2.PDF,PROVA ORAL_COM PADRÃO DE RESPOSTA_DIREITO_PROCESSUAL_PENAL_PONTO_2,,CEB_DPE_AC_24_DEFENSOR,2024-07-23T18:00:00,2026-10-01T13:51:08.124304+00:00,200,application/pdf,sources/CEB_DPE_AC_24_DEFENSOR_DOC_19.pdf,ba81360dfafcc038267e9fda1a47d8823a46d159cc6fd8001b2bd594fc9a62ea,42187,,BUILD_OR_DISCOVERY,True,SEE_SEMANTIC_REVIEW_LOG_NOT_INFERRED_FROM_DOWNLOAD
CEB_DPE_AC_24_DEFENSOR_DOC_2,https://cdn.cebraspe.org.br/concursos/DPE_AC_24_DEFENSOR/arquivos/DIREITO_CIVIL_PONTO_1.PDF,https://cdn.cebraspe.org.br/concursos/DPE_AC_24_DEFENSOR/arquivos/DIREITO_CIVIL_PONTO_1.PDF,PROVA ORAL_COM PADRÃO DE RESPOSTA_DIREITO_CIVIL_PONTO_1,,CEB_DPE_AC_24_DEFENSOR,2024-07-23T18:00:00,2026-10-01T13:50:54.398824+00:00,200,application/pdf,sources/CEB_DPE_AC_24_DEFENSOR_DOC_2.pdf,140ae051a9629a372226d51448c525ea779a5face077bedaec9d62913dbeca49,42855,,BUILD_OR_DISCOVERY,True,SEE_SEMANTIC_REVIEW_LOG_NOT_INFERRED_FROM_DOWNLOAD
CEB_DPE_AC_24_DEFENSOR_DOC_21,https://cdn.cebraspe.org.br/concursos/DPE_AC_24_DEFENSOR/arquivos/PADRO_DE_RESPOSTAS_DEFINITIVO_DPE_AC_24_DEFENSOR_PROVA_ESCRITA_ESPECFICA_P3.PDF,https://cdn.cebraspe.org.br/concursos/DPE_AC_24_DEFENSOR/arquivos/PADRO_DE_RESPOSTAS_DEFINITIVO_DPE_AC_24_DEFENSOR_PROVA_ESCRITA_ESPECFICA_P3.PDF,PADRÃO DEFINITIVO DE RESPOSTAS – PROVA ESCRITA ESPECÍFICA (P3),,CEB_DPE_AC_24_DEFENSOR,2024-06-25T11:21:00,2026-10-01T13:51:08.132034+00:00,200,application/pdf,sources/CEB_DPE_AC_24_DEFENSOR_DOC_21.pdf,8704b90551826d3e7eb1f3b59467abe7f3abc321fed1a6542e1a3de655e7c659,789918,,BUILD_OR_DISCOVERY,True,SEE_SEMANTIC_REVIEW_LOG_NOT_INFERRED_FROM_DOWNLOAD
CEB_DPE_AC_24_DEFENSOR_DOC_23,https://cdn.cebraspe.org.br/concursos/DPE_AC_24_DEFENSOR/arquivos/PROVA_ESCRITA_ESPECFICA_P3.PDF,https://cdn.cebraspe.org.br/concursos/DPE_AC_24_DEFENSOR/arquivos/PROVA_ESCRITA_ESPECFICA_P3.PDF,PROVA ESCRITA ESPECÍFICA (P3),,CEB_DPE_AC_24_DEFENSOR,2024-06-04T19:00:00,2026-10-01T13:51:08.230428+00:00,200,application/pdf,sources/CEB_DPE_AC_24_DEFENSOR_DOC_23.pdf,85b5f40e035d746a2c4d8d1756b8ecd7af2b251f834db9441002fca6d72708c7,87125,,BUILD_OR_DISCOVERY,True,SEE_SEMANTIC_REVIEW_LOG_NOT_INFERRED_FROM_DOWNLOAD
CEB_DPE_AC_24_DEFENSOR_DOC_3,https://cdn.cebraspe.org.br/concursos/DPE_AC_24_DEFENSOR/arquivos/DIREITO_CIVIL_PONTO_2.PDF,https://cdn.cebraspe.org.br/concursos/DPE_AC_24_DEFENSOR/arquivos/DIREITO_CIVIL_PONTO_2.PDF,PROVA ORAL_COM PADRÃO DE RESPOSTA_DIREITO_CIVIL_PONTO_2,,CEB_DPE_AC_24_DEFENSOR,2024-07-23T18:00:00,2026-10-01T13:50:54.491648+00:00,200,application/pdf,sources/CEB_DPE_AC_24_DEFENSOR_DOC_3.pdf,f2ab970d080fef2321017f2ee91af048adadc805b5a2d55b94904f68694e9a93,45962,,BUILD_OR_DISCOVERY,True,SEE_SEMANTIC_REVIEW_LOG_NOT_INFERRED_FROM_DOWNLOAD
CEB_DPE_AC_24_DEFENSOR_DOC_4,https://cdn.cebraspe.org.br/concursos/DPE_AC_24_DEFENSOR/arquivos/DIREITO_CONSTITUCIONAL_PONTO_1.PDF,https://cdn.cebraspe.org.br/concursos/DPE_AC_24_DEFENSOR/arquivos/DIREITO_CONSTITUCIONAL_PONTO_1.PDF,PROVA ORAL_COM PADRÃO DE RESPOSTA_DIREITO_CONSTITUCIONAL_PONTO_1,,CEB_DPE_AC_24_DEFENSOR,2024-07-23T18:00:00,2026-10-01T13:50:54.608579+00:00,200,application/pdf,sources/CEB_DPE_AC_24_DEFENSOR_DOC_4.pdf,91480260aa6975587dffaf89211a21e5a21f72d31a510a9e70a38cfb43e57d12,45381,,BUILD_OR_DISCOVERY,True,SEE_SEMANTIC_REVIEW_LOG_NOT_INFERRED_FROM_DOWNLOAD
CEB_DPE_AC_24_DEFENSOR_DOC_5,https://cdn.cebraspe.org.br/concursos/DPE_AC_24_DEFENSOR/arquivos/DIREITO_CONSTITUCIONAL_PONTO_2.PDF,https://cdn.cebraspe.org.br/concursos/DPE_AC_24_DEFENSOR/arquivos/DIREITO_CONSTITUCIONAL_PONTO_2.PDF,PROVA ORAL_COM PADRÃO DE RESPOSTA_DIREITO_CONSTITUCIONAL_PONTO_2,,CEB_DPE_AC_24_DEFENSOR,2024-07-23T18:00:00,2026-10-01T13:50:54.685753+00:00,200,application/pdf,sources/CEB_DPE_AC_24_DEFENSOR_DOC_5.pdf,976566682f91a5e228444605ee9f3b6573137ff7573e00745fa753fe589e7647,40893,,BUILD_OR_DISCOVERY,True,SEE_SEMANTIC_REVIEW_LOG_NOT_INFERRED_FROM_DOWNLOAD
CEB_DPE_AC_24_DEFENSOR_DOC_6,https://cdn.cebraspe.org.br/concursos/DPE_AC_24_DEFENSOR/arquivos/DIREITO_DA_CRIANA_E_DO_ADOLESCENTE_PONTO_1.PDF,https://cdn.cebraspe.org.br/concursos/DPE_AC_24_DEFENSOR/arquivos/DIREITO_DA_CRIANA_E_DO_ADOLESCENTE_PONTO_1.PDF,PROVA ORAL_COM PADRÃO DE RESPOSTA_DIREITO_DA_CRIANÇA_E_DO_ADOLESCENTE_PONTO_1,,CEB_DPE_AC_24_DEFENSOR,2024-07-23T18:00:00,2026-10-01T13:50:54.736004+00:00,200,application/pdf,sources/CEB_DPE_AC_24_DEFENSOR_DOC_6.pdf,032088b74334fe145fbd1e4970e4a137c818aba5d75ef20b4a6865e3129ce4d4,46947,,BUILD_OR_DISCOVERY,True,SEE_SEMANTIC_REVIEW_LOG_NOT_INFERRED_FROM_DOWNLOAD
CEB_DPE_AC_24_DEFENSOR_DOC_7,https://cdn.cebraspe.org.br/concursos/DPE_AC_24_DEFENSOR/arquivos/DIREITO_DA_CRIANA_E_DO_ADOLESCENTE_PONTO_2.PDF,https://cdn.cebraspe.org.br/concursos/DPE_AC_24_DEFENSOR/arquivos/DIREITO_DA_CRIANA_E_DO_ADOLESCENTE_PONTO_2.PDF,PROVA ORAL_COM PADRÃO DE RESPOSTA_DIREITO_DA_CRIANÇA_E_DO_ADOLESCENTE_PONTO_2,,CEB_DPE_AC_24_DEFENSOR,2024-07-23T18:00:00,2026-10-01T13:50:54.760274+00:00,200,application/pdf,sources/CEB_DPE_AC_24_DEFENSOR_DOC_7.pdf,c052290f2a4efc7084c347cbd82bc78a7d2485ef7edaa0474776018f48cb32eb,38094,,BUILD_OR_DISCOVERY,True,SEE_SEMANTIC_REVIEW_LOG_NOT_INFERRED_FROM_DOWNLOAD
CEB_DPE_AC_24_DEFENSOR_DOC_8,https://cdn.cebraspe.org.br/concursos/DPE_AC_24_DEFENSOR/arquivos/DIREITO_DO_CONSUMIDOR_PONTO_1.PDF,https://cdn.cebraspe.org.br/concursos/DPE_AC_24_DEFENSOR/arquivos/DIREITO_DO_CONSUMIDOR_PONTO_1.PDF,PROVA ORAL_COM PADRÃO DE RESPOSTA_DIREITO_DO_CONSUMIDOR_PONTO_1,,CEB_DPE_AC_24_DEFENSOR,2024-07-23T18:00:00,2026-10-01T13:50:54.824046+00:00,200,application/pdf,sources/CEB_DPE_AC_24_DEFENSOR_DOC_8.pdf,2a4c612ce74b070893d7fe918f284f7cb0f8915427821c3c19ca07e4d347ac70,37262,,BUILD_OR_DISCOVERY,True,SEE_SEMANTIC_REVIEW_LOG_NOT_INFERRED_FROM_DOWNLOAD
CEB_DPE_AC_24_DEFENSOR_DOC_9,https://cdn.cebraspe.org.br/concursos/DPE_AC_24_DEFENSOR/arquivos/DIREITO_DO_CONSUMIDOR_PONTO_2.PDF,https://cdn.cebraspe.org.br/concursos/DPE_AC_24_DEFENSOR/arquivos/DIREITO_DO_CONSUMIDOR_PONTO_2.PDF,PROVA ORAL_COM PADRÃO DE RESPOSTA_DIREITO_DO_CONSUMIDOR_PONTO_2,,CEB_DPE_AC_24_DEFENSOR,2024-07-23T18:00:00,2026-10-01T13:51:01.066600+00:00,200,application/pdf,sources/CEB_DPE_AC_24_DEFENSOR_DOC_9.pdf,997e6c1a890d39e6bae984b26bc11080f6af573c77ac23cb14e595cca85d283c,37674,,BUILD_OR_DISCOVERY,True,SEE_SEMANTIC_REVIEW_LOG_NOT_INFERRED_FROM_DOWNLOAD
CEB_DPE_RO_22_DEFENSOR,https://apis.cebraspe.org.br/cebraspe/eventos/DPE_RO_22_DEFENSOR,https://apis.cebraspe.org.br/cebraspe/eventos/DPE_RO_22_DEFENSOR,,DPE RO 22 DEFENSOR,,,2026-10-01T13:49:24.446327+00:00,200,application/json; charset=utf-8,sources/CEB_DPE_RO_22_DEFENSOR.html,c6d8dd4a076795d375add8254363eb05618d0889b310395780ca49b8224fc204,14646,,BUILD_OR_DISCOVERY,True,SEE_SEMANTIC_REVIEW_LOG_NOT_INFERRED_FROM_DOWNLOAD
CEB_MPC_SC_22_PROCURADOR,https://apis.cebraspe.org.br/cebraspe/eventos/MPC_SC_22_PROCURADOR,https://apis.cebraspe.org.br/cebraspe/eventos/MPC_SC_22_PROCURADOR,,MPC SC 22 PROCURADOR,,,2026-10-01T13:49:32.725701+00:00,200,application/json; charset=utf-8,sources/CEB_MPC_SC_22_PROCURADOR.html,5bf826e47fa50ac7b4ab8387dc6be53744e86af934479512236ec274e37318e3,14505,,BUILD_OR_DISCOVERY,True,SEE_SEMANTIC_REVIEW_LOG_NOT_INFERRED_FROM_DOWNLOAD
CEB_MPE_AC_22_PROMOTOR,https://apis.cebraspe.org.br/cebraspe/eventos/MPE_AC_22_PROMOTOR,https://apis.cebraspe.org.br/cebraspe/eventos/MPE_AC_22_PROMOTOR,,MPE/AC 22,,,2026-10-01T13:49:32.887912+00:00,200,application/json; charset=utf-8,sources/CEB_MPE_AC_22_PROMOTOR.html,f64c8cbc2e185ba31fa193470d7c77be1b6941f8c9d1f5c7994c5231fb102e69,20165,,BUILD_OR_DISCOVERY,True,SEE_SEMANTIC_REVIEW_LOG_NOT_INFERRED_FROM_DOWNLOAD
CEB_MPE_AM_22_PROMOTOR,https://apis.cebraspe.org.br/cebraspe/eventos/MPE_AM_22_PROMOTOR,https://apis.cebraspe.org.br/cebraspe/eventos/MPE_AM_22_PROMOTOR,,MPE AM 22 PROMOTOR,,,2026-10-01T13:49:32.881545+00:00,200,application/json; charset=utf-8,sources/CEB_MPE_AM_22_PROMOTOR.html,23fe4531000ceade555edd194abcc700a0472d1540b0bd6169ac63cdb799081c,19493,,BUILD_OR_DISCOVERY,True,SEE_SEMANTIC_REVIEW_LOG_NOT_INFERRED_FROM_DOWNLOAD
CEB_MPSC_23_PROMOTOR,https://apis.cebraspe.org.br/cebraspe/eventos/MPSC_23_PROMOTOR,https://apis.cebraspe.org.br/cebraspe/eventos/MPSC_23_PROMOTOR,,MPSC 23 PROMOTOR,,,2026-10-01T13:49:32.910864+00:00,200,application/json; charset=utf-8,sources/CEB_MPSC_23_PROMOTOR.html,df8436553247a9c46367d4d9fca1a62ca29de3c4f81abcb83a542dac43462633,5364,,BUILD_OR_DISCOVERY,True,SEE_SEMANTIC_REVIEW_LOG_NOT_INFERRED_FROM_DOWNLOAD
CEB_MP_BA_23_PROMOTOR,https://apis.cebraspe.org.br/cebraspe/eventos/MP_BA_23_PROMOTOR,https://apis.cebraspe.org.br/cebraspe/eventos/MP_BA_23_PROMOTOR,,MP/BA 23 PROMOTOR,,,2026-10-01T13:49:24.785836+00:00,200,application/json; charset=utf-8,sources/CEB_MP_BA_23_PROMOTOR.html,c726263b701c7365342d518ebed1d0973c11c6c13cdc236cda525fe047f076e1,16161,,BUILD_OR_DISCOVERY,True,SEE_SEMANTIC_REVIEW_LOG_NOT_INFERRED_FROM_DOWNLOAD
CEB_MP_PA_22_PROMOTOR,https://apis.cebraspe.org.br/cebraspe/eventos/MP_PA_22_PROMOTOR,https://apis.cebraspe.org.br/cebraspe/eventos/MP_PA_22_PROMOTOR,,MP PA 22 PROMOTOR,,,2026-10-01T13:49:24.660854+00:00,200,application/json; charset=utf-8,sources/CEB_MP_PA_22_PROMOTOR.html,2cb3b7ee742e99b0d69feafd2f4cede757c7052761fe9ba6f8d087141843abaa,22060,,BUILD_OR_DISCOVERY,True,SEE_SEMANTIC_REVIEW_LOG_NOT_INFERRED_FROM_DOWNLOAD
CEB_MP_PA_22_PROMOTOR_DOC_4,https://cdn.cebraspe.org.br/concursos/MP_PA_22_PROMOTOR/arquivos/872_MPPA_ORAL_PONTO_04_COMPADRO.PDF,https://cdn.cebraspe.org.br/concursos/MP_PA_22_PROMOTOR/arquivos/872_MPPA_ORAL_PONTO_04_COMPADRO.PDF,MP_PA_22_PROMOTOR_PROVA ORAL_COM PADRÃO DE RESPOSTA,,CEB_MP_PA_22_PROMOTOR,2023-07-18T17:33:00,2026-10-01T13:50:47.077460+00:00,200,application/pdf,sources/CEB_MP_PA_22_PROMOTOR_DOC_4.pdf,eb4c0f2fdd1efd68de1cc37e3062b6c190dff38191a5c2b42830905ff8982548,96632,,BUILD_OR_DISCOVERY,True,SEE_SEMANTIC_REVIEW_LOG_NOT_INFERRED_FROM_DOWNLOAD
CEB_MP_PA_22_PROMOTOR_DOC_5,https://cdn.cebraspe.org.br/concursos/MP_PA_22_PROMOTOR/arquivos/PROVA_DISCURSIVA_I.PDF,https://cdn.cebraspe.org.br/concursos/MP_PA_22_PROMOTOR/arquivos/PROVA_DISCURSIVA_I.PDF,PADRÃO DEFINITIVO DE RESPOSTAS - PROVA DISCURSIVA P2,,CEB_MP_PA_22_PROMOTOR,2023-05-10T14:40:00,2026-10-01T13:50:47.083706+00:00,200,application/pdf,sources/CEB_MP_PA_22_PROMOTOR_DOC_5.pdf,baba4ca1cfde23952eeb90b73bd5aa1f81dc9d9c078d99bc05082e7d57f3e84a,914367,,BUILD_OR_DISCOVERY,True,SEE_SEMANTIC_REVIEW_LOG_NOT_INFERRED_FROM_DOWNLOAD
CEB_MP_PA_22_PROMOTOR_DOC_8,https://cdn.cebraspe.org.br/concursos/MP_PA_22_PROMOTOR/arquivos/819_MPPA_DISC_001.PDF,https://cdn.cebraspe.org.br/concursos/MP_PA_22_PROMOTOR/arquivos/819_MPPA_DISC_001.PDF,PROVA DISCURSIVA P2,,CEB_MP_PA_22_PROMOTOR,2023-04-18T19:00:00,2026-10-01T13:50:47.179813+00:00,200,application/pdf,sources/CEB_MP_PA_22_PROMOTOR_DOC_8.pdf,49e1f68cc659bfcddc7ca0ccec83f0dc37624d705cb16468e8d1d9cca0ce74d2,77815,,BUILD_OR_DISCOVERY,True,SEE_SEMANTIC_REVIEW_LOG_NOT_INFERRED_FROM_DOWNLOAD
CEB_MP_SE_22_PROMOTOR,https://apis.cebraspe.org.br/cebraspe/eventos/MP_SE_22_PROMOTOR,https://apis.cebraspe.org.br/cebraspe/eventos/MP_SE_22_PROMOTOR,,MP_SE_22_PROMOTOR,,,2026-10-01T13:49:32.724168+00:00,200,application/json; charset=utf-8,sources/CEB_MP_SE_22_PROMOTOR.html,e5c841d65a46f11a465b87a59d303ba43c740d539ae37067cf21b715cfa882b4,7014,,BUILD_OR_DISCOVERY,True,SEE_SEMANTIC_REVIEW_LOG_NOT_INFERRED_FROM_DOWNLOAD
CEB_PCDF_LATEST_0,https://cdn.cebraspe.org.br/concursos/PC_DF_26_DELEGADO/arquivos/3E7FED8CD42D1620E4AAC5A9B186D643E053090CF15B787E9878AFD34D0BC01F.html,https://cdn.cebraspe.org.br/concursos/PC_DF_26_DELEGADO/arquivos/3E7FED8CD42D1620E4AAC5A9B186D643E053090CF15B787E9878AFD34D0BC01F.html,Edital nº 11 – Resultado final nas provas discursivas e a convocação para a prova oral - em VLibras,,CEB_PC_DF_26_DELEGADO,2026-09-30T10:00:01,2026-10-01T13:56:23.272042+00:00,200,text/html,sources/CEB_PCDF_LATEST_0.html,5e42246c4f951be76f8eb5a3397fb129b07586ba56e5c454217563a9c6934417,210332,,BUILD_OR_DISCOVERY,True,SEE_SEMANTIC_REVIEW_LOG_NOT_INFERRED_FROM_DOWNLOAD
CEB_PCDF_LATEST_1,https://cdn.cebraspe.org.br/concursos/PC_DF_26_DELEGADO/arquivos/09F419C7A24A4DD0DF23935C39398B806278F0420B5C45531DCEF3A957D90770.pdf,https://cdn.cebraspe.org.br/concursos/PC_DF_26_DELEGADO/arquivos/09F419C7A24A4DD0DF23935C39398B806278F0420B5C45531DCEF3A957D90770.pdf,Edital nº 11 – Resultado final nas provas discursivas e a convocação para a prova oral,,CEB_PC_DF_26_DELEGADO,2026-09-30T10:00:00,2026-10-01T13:56:23.335391+00:00,200,application/pdf,sources/CEB_PCDF_LATEST_1.pdf,d29b99db196e4c2c9d3804c7140154b63b7ec804bcba4fbaa22a5779e9b0e542,596871,,BUILD_OR_DISCOVERY,True,SEE_SEMANTIC_REVIEW_LOG_NOT_INFERRED_FROM_DOWNLOAD
CEB_PCDF_LATEST_2,https://cdn.cebraspe.org.br/concursos/PC_DF_26_DELEGADO/arquivos/3B102898573C4C9FED3D8215DA39AFAB6AA51F1A8133D4FCE9AE7E9743BA9C14.html,https://cdn.cebraspe.org.br/concursos/PC_DF_26_DELEGADO/arquivos/3B102898573C4C9FED3D8215DA39AFAB6AA51F1A8133D4FCE9AE7E9743BA9C14.html,"Edital nº 10 – TORNAR SEM EFEITO o Edital nº 9 – PCDF, de 1º de setembro de 2026, publicado no Diário Oficial do Distrito Federal nº 180, de 28 de setembro de 2026 - em VLibras",,CEB_PC_DF_26_DELEGADO,2026-09-29T10:00:01,2026-10-01T13:56:23.450583+00:00,200,text/html,sources/CEB_PCDF_LATEST_2.html,c5e949cd0e4f1a306e82d85e846b40ca2087515e68148d95f7588a69b8cf5b62,7784,,BUILD_OR_DISCOVERY,True,SEE_SEMANTIC_REVIEW_LOG_NOT_INFERRED_FROM_DOWNLOAD
CEB_PCDF_LATEST_3,https://cdn.cebraspe.org.br/concursos/PC_DF_26_DELEGADO/arquivos/EAA70780571B2752141B33187F99E77B07016BCEFF1CA16DE283452EDDAD4726.pdf,https://cdn.cebraspe.org.br/concursos/PC_DF_26_DELEGADO/arquivos/EAA70780571B2752141B33187F99E77B07016BCEFF1CA16DE283452EDDAD4726.pdf,"Edital nº 10 – TORNAR SEM EFEITO o Edital nº 9 – PCDF, de 1º de setembro de 2026, publicado no Diário Oficial do Distrito Federal nº 180, de 28 de setembro de 2026",,CEB_PC_DF_26_DELEGADO,2026-09-29T10:00:00,2026-10-01T13:56:23.492065+00:00,200,application/pdf,sources/CEB_PCDF_LATEST_3.pdf,652bdb7f92f855e61ae58127b05f7379d2bba1a1b12d06fe8390b3ab01684958,231944,,BUILD_OR_DISCOVERY,True,SEE_SEMANTIC_REVIEW_LOG_NOT_INFERRED_FROM_DOWNLOAD
CEB_PCDF_LATEST_4,https://cdn.cebraspe.org.br/concursos/PC_DF_26_DELEGADO/arquivos/09ECE2B7B91610A39A2EC3FAACF319D4D9241509786A41A6F9C444F8C1F718CC.html,https://cdn.cebraspe.org.br/concursos/PC_DF_26_DELEGADO/arquivos/09ECE2B7B91610A39A2EC3FAACF319D4D9241509786A41A6F9C444F8C1F718CC.html,Edital nº 9 – Resultado final na prova objetiva e o resultado provisório nas provas discursivas - em VLibras,,CEB_PC_DF_26_DELEGADO,2026-09-02T10:00:01,2026-10-01T13:56:23.497745+00:00,200,text/html,sources/CEB_PCDF_LATEST_4.html,a8a53356e0657ad6311baddb0346455321aaee5f63132ba56dd7c33f6d84120f,799938,,BUILD_OR_DISCOVERY,True,SEE_SEMANTIC_REVIEW_LOG_NOT_INFERRED_FROM_DOWNLOAD
CEB_PCDF_LATEST_5,https://cdn.cebraspe.org.br/concursos/PC_DF_26_DELEGADO/arquivos/E6B1ED8CDDAE4765BBA952FEA279EFA2D70F62509B884B660B0CF0616CEA1CFD.pdf,https://cdn.cebraspe.org.br/concursos/PC_DF_26_DELEGADO/arquivos/E6B1ED8CDDAE4765BBA952FEA279EFA2D70F62509B884B660B0CF0616CEA1CFD.pdf,Edital nº 9 – Resultado final na prova objetiva e o resultado provisório nas provas discursivas,,CEB_PC_DF_26_DELEGADO,2026-09-02T10:00:00,2026-10-01T13:56:23.517844+00:00,200,application/pdf,sources/CEB_PCDF_LATEST_5.pdf,f69623c46b267743a72f39fb695d017536e8ac3dc9b099f9b28180dd98447efd,1447978,,BUILD_OR_DISCOVERY,True,SEE_SEMANTIC_REVIEW_LOG_NOT_INFERRED_FROM_DOWNLOAD
CEB_PC_AL_22_DELEGADO,https://apis.cebraspe.org.br/cebraspe/eventos/PC_AL_22_DELEGADO,https://apis.cebraspe.org.br/cebraspe/eventos/PC_AL_22_DELEGADO,,PC AL 2022 DELEGADO,,,2026-10-01T13:49:32.958477+00:00,200,application/json; charset=utf-8,sources/CEB_PC_AL_22_DELEGADO.html,16640d33108ec2604b9af493e96e753bd58297b635e4d2bf089fa42d82cb492d,42513,,BUILD_OR_DISCOVERY,True,SEE_SEMANTIC_REVIEW_LOG_NOT_INFERRED_FROM_DOWNLOAD
CEB_PC_CE_25_DELEGADO,https://apis.cebraspe.org.br/cebraspe/eventos/PC_CE_25_DELEGADO,https://apis.cebraspe.org.br/cebraspe/eventos/PC_CE_25_DELEGADO,,PC CE 25 DELEGADO ,,,2026-10-01T13:49:15.163517+00:00,200,application/json; charset=utf-8,sources/CEB_PC_CE_25_DELEGADO.html,f4d8c0f61dce3f23df82476be02c8613c40eab9968449038f3a50c73533805af,21637,,BUILD_OR_DISCOVERY,True,SEE_SEMANTIC_REVIEW_LOG_NOT_INFERRED_FROM_DOWNLOAD
CEB_PC_DF_26_DELEGADO,https://apis.cebraspe.org.br/cebraspe/eventos/PC_DF_26_DELEGADO,https://apis.cebraspe.org.br/cebraspe/eventos/PC_DF_26_DELEGADO,,PC DF 26 DELEGADO,,,2026-10-01T13:49:15.164099+00:00,200,application/json; charset=utf-8,sources/CEB_PC_DF_26_DELEGADO.html,3923b6d81e399569313f01378e2e3d7cc457d9914b1226e37f7c2dba198a0871,17099,,BUILD_OR_DISCOVERY,True,SEE_SEMANTIC_REVIEW_LOG_NOT_INFERRED_FROM_DOWNLOAD
CEB_PC_DF_26_DELEGADO_DOC_0,https://cdn.cebraspe.org.br/concursos/PC_DF_26_DELEGADO/arquivos/36640AF4FE123A064E3020F97373A4101716B94F99325C64E8C9F57AACA99B7E.pdf,https://cdn.cebraspe.org.br/concursos/PC_DF_26_DELEGADO/arquivos/36640AF4FE123A064E3020F97373A4101716B94F99325C64E8C9F57AACA99B7E.pdf,PADRÃO DEFINITIVO DE RESPOSTAS – PROVA DISCURSIVA,,CEB_PC_DF_26_DELEGADO,2026-09-02T10:00:00,2026-10-01T13:50:40.034195+00:00,200,application/pdf,sources/CEB_PC_DF_26_DELEGADO_DOC_0.pdf,1c5b469e11e85013dd87c8dd6084efa78a780acdc275ad288ed3ff444b7df1c9,215957,,BUILD_OR_DISCOVERY,True,SEE_SEMANTIC_REVIEW_LOG_NOT_INFERRED_FROM_DOWNLOAD
CEB_PC_DF_26_DELEGADO_DOC_1,https://cdn.cebraspe.org.br/concursos/PC_DF_26_DELEGADO/arquivos/793E15AB2B5B357F2DD614A0ACAEE093B9DFE97618931164855D005CDFF89841.pdf,https://cdn.cebraspe.org.br/concursos/PC_DF_26_DELEGADO/arquivos/793E15AB2B5B357F2DD614A0ACAEE093B9DFE97618931164855D005CDFF89841.pdf,GABARITO DEFINITIVO – PROVA OBJETIVA (P1),,CEB_PC_DF_26_DELEGADO,2026-08-10T14:32:00,2026-10-01T13:50:40.034773+00:00,200,application/pdf,sources/CEB_PC_DF_26_DELEGADO_DOC_1.pdf,66112d99d6dc25ee043e9a6133ccd7955a8fa99350a01d32df2651c2b589ee18,205353,,BUILD_OR_DISCOVERY,True,SEE_SEMANTIC_REVIEW_LOG_NOT_INFERRED_FROM_DOWNLOAD
CEB_PC_DF_26_DELEGADO_DOC_2,https://cdn.cebraspe.org.br/concursos/PC_DF_26_DELEGADO/arquivos/B7FE9DD999164CDBF489CB9BA6AEBDB71557DFE872BCA5C82D4C04D8C26ADF9A.pdf,https://cdn.cebraspe.org.br/concursos/PC_DF_26_DELEGADO/arquivos/B7FE9DD999164CDBF489CB9BA6AEBDB71557DFE872BCA5C82D4C04D8C26ADF9A.pdf,PROVA DISCURSIVA,,CEB_PC_DF_26_DELEGADO,2026-07-07T19:00:00,2026-10-01T13:50:40.035251+00:00,200,application/pdf,sources/CEB_PC_DF_26_DELEGADO_DOC_2.pdf,b9a951c10fde74cee75c5d8254963e508dab88bf247feab7b3396198544bdff4,115507,,BUILD_OR_DISCOVERY,True,SEE_SEMANTIC_REVIEW_LOG_NOT_INFERRED_FROM_DOWNLOAD
CEB_PC_DF_26_DELEGADO_DOC_3,https://cdn.cebraspe.org.br/concursos/PC_DF_26_DELEGADO/arquivos/710BA7293977732DDD213CAE2E329E52507C348D3E446135F8978861CDA880F1.pdf,https://cdn.cebraspe.org.br/concursos/PC_DF_26_DELEGADO/arquivos/710BA7293977732DDD213CAE2E329E52507C348D3E446135F8978861CDA880F1.pdf,PROVA OBJETIVA (P1) E GABARITO PRELIMINAR COM JUSTIFICATIVAS ,,CEB_PC_DF_26_DELEGADO,2026-07-07T19:00:00,2026-10-01T13:50:40.035664+00:00,200,application/pdf,sources/CEB_PC_DF_26_DELEGADO_DOC_3.pdf,7cffe418e091007c1d3190a47775e67466b744293da54cee7b0942c3b899bd95,724904,,BUILD_OR_DISCOVERY,True,SEE_SEMANTIC_REVIEW_LOG_NOT_INFERRED_FROM_DOWNLOAD
CEB_PC_ES_22_DELEGADO,https://apis.cebraspe.org.br/cebraspe/eventos/PC_ES_22_DELEGADO,https://apis.cebraspe.org.br/cebraspe/eventos/PC_ES_22_DELEGADO,,PC ES 22 DELEGADO,,,2026-10-01T13:49:15.164632+00:00,200,application/json; charset=utf-8,sources/CEB_PC_ES_22_DELEGADO.html,239e3525c6a7542734766a7738cd20dbd76fb107e0448862ca29b6f220cf8457,27702,,BUILD_OR_DISCOVERY,True,SEE_SEMANTIC_REVIEW_LOG_NOT_INFERRED_FROM_DOWNLOAD
CEB_PC_MA_26_DELEGADO,https://apis.cebraspe.org.br/cebraspe/eventos/PC_MA_26_DELEGADO,https://apis.cebraspe.org.br/cebraspe/eventos/PC_MA_26_DELEGADO,,PC MA 26 DELEGADO,,,2026-10-01T13:49:15.165381+00:00,200,application/json; charset=utf-8,sources/CEB_PC_MA_26_DELEGADO.html,693b5a0a1a9111ed2c4f1f00e6d7ead1d9d045620181551724ebe69765367fb8,2896,,BUILD_OR_DISCOVERY,True,SEE_SEMANTIC_REVIEW_LOG_NOT_INFERRED_FROM_DOWNLOAD
CEB_PC_PE_23,https://apis.cebraspe.org.br/cebraspe/eventos/PC_PE_23,https://apis.cebraspe.org.br/cebraspe/eventos/PC_PE_23,,,,,2026-10-01T14:00:44.948931+00:00,200,application/json; charset=utf-8,sources/CEB_PC_PE_23.html,cea9a35fed14e3adf767e77146f6f8149d39b0211acc54553b4ae448491c4c1f,36604,,BUILD_OR_DISCOVERY,True,SEE_SEMANTIC_REVIEW_LOG_NOT_INFERRED_FROM_DOWNLOAD
CEB_PF_25,https://apis.cebraspe.org.br/cebraspe/eventos/PF_25,https://apis.cebraspe.org.br/cebraspe/eventos/PF_25,,PF 25,,,2026-10-01T13:49:15.166289+00:00,200,application/json; charset=utf-8,sources/CEB_PF_25.html,cb18b4f9d0e02563224a1cba79d480cdcaf19a42138349c84d22415fe0e30a9e,89540,,BUILD_OR_DISCOVERY,True,SEE_SEMANTIC_REVIEW_LOG_NOT_INFERRED_FROM_DOWNLOAD
CEB_PF_25_ADM,https://apis.cebraspe.org.br/cebraspe/eventos/PF_25_ADM,https://apis.cebraspe.org.br/cebraspe/eventos/PF_25_ADM,,PF 25 ADM,,,2026-10-01T13:49:32.959622+00:00,200,application/json; charset=utf-8,sources/CEB_PF_25_ADM.html,5fe47159a7e0ae130cb3d7579851dd1b6979ee150ba7cb8763ddfcc64a5312e7,31947,,BUILD_OR_DISCOVERY,True,SEE_SEMANTIC_REVIEW_LOG_NOT_INFERRED_FROM_DOWNLOAD
CEB_PF_25_DOC_0,https://cdn.cebraspe.org.br/concursos/PF_25/arquivos/CDC7CFAADFFCABACF7DEEF6B1C4EC87CEAC22995AD7BC9550D017C17FE24E431.pdf,https://cdn.cebraspe.org.br/concursos/PF_25/arquivos/CDC7CFAADFFCABACF7DEEF6B1C4EC87CEAC22995AD7BC9550D017C17FE24E431.pdf,PROVA ORAL - CARGO DELEGADO (APLICADO DIA 19/7/2026) SUB JUDICE,,CEB_PF_25,2026-07-27T14:00:00,2026-10-01T13:50:40.036265+00:00,200,application/pdf,sources/CEB_PF_25_DOC_0.pdf,9b8dcd6ed0f5e667d1fe493f63388a8e566e77202a3b051477ae0a9d8cf109fc,134499,,BUILD_OR_DISCOVERY,True,SEE_SEMANTIC_REVIEW_LOG_NOT_INFERRED_FROM_DOWNLOAD
CEB_PF_25_DOC_1,https://cdn.cebraspe.org.br/concursos/PF_25/arquivos/25884E2722C53188F09613E726AA9C1D798AC0810765EE9928BBC06C1D72276C.pdf,https://cdn.cebraspe.org.br/concursos/PF_25/arquivos/25884E2722C53188F09613E726AA9C1D798AC0810765EE9928BBC06C1D72276C.pdf,PROVA ORAL,,CEB_PF_25,2025-12-15T17:45:00,2026-10-01T13:50:40.037966+00:00,200,application/pdf,sources/CEB_PF_25_DOC_1.pdf,44ba65738841233fb59af4d48dc2164454dc74bd14432783529352ee9870e14d,259136,,BUILD_OR_DISCOVERY,True,SEE_SEMANTIC_REVIEW_LOG_NOT_INFERRED_FROM_DOWNLOAD
CEB_PF_25_DOC_2,https://cdn.cebraspe.org.br/concursos/PF_25/arquivos/2FFD50E84784D30C2B2B3D92EE2237059B94820D0DE2FAA9F8417ECC69FD93A9.pdf,https://cdn.cebraspe.org.br/concursos/PF_25/arquivos/2FFD50E84784D30C2B2B3D92EE2237059B94820D0DE2FAA9F8417ECC69FD93A9.pdf,PADRÃO DEFINITIVO DE RESPOSTAS – PROVA DISCURSIVA – CARGO 1,,CEB_PF_25,2025-08-20T15:00:00,2026-10-01T13:50:40.038190+00:00,200,application/pdf,sources/CEB_PF_25_DOC_2.pdf,d34ffcfbb71a3466d1ecf787031622eeb39b71a5b1326477143426b2f5ff6f61,860015,,BUILD_OR_DISCOVERY,True,SEE_SEMANTIC_REVIEW_LOG_NOT_INFERRED_FROM_DOWNLOAD
CEB_PF_25_DOC_22,https://cdn.cebraspe.org.br/concursos/PF_25/arquivos/D202E48A0B1EBF5039E398F0B49D0186DD625DFF53498E36EE4D88DE4501E3A8.pdf,https://cdn.cebraspe.org.br/concursos/PF_25/arquivos/D202E48A0B1EBF5039E398F0B49D0186DD625DFF53498E36EE4D88DE4501E3A8.pdf,GABARITO DEFINITIVO – CONHECIMENTOS ESPECÍFICOS – CARGO 1,,CEB_PF_25,2025-08-20T10:10:00,2026-10-01T13:50:40.038868+00:00,200,application/pdf,sources/CEB_PF_25_DOC_22.pdf,677dacc04423c68867bd3e312bd6f4f36af9d531d1e8a46536ffabd0b593b162,210726,,BUILD_OR_DISCOVERY,True,SEE_SEMANTIC_REVIEW_LOG_NOT_INFERRED_FROM_DOWNLOAD
CEB_PF_25_DOC_43,https://cdn.cebraspe.org.br/concursos/PF_25/arquivos/106_PF_001_01.pdf,https://cdn.cebraspe.org.br/concursos/PF_25/arquivos/106_PF_001_01.pdf,PROVA OBJETIVA – CONHECIMENTOS ESPECÍFICOS – CARGO 1,,CEB_PF_25,2025-08-01T19:00:00,2026-10-01T13:50:47.069210+00:00,200,application/pdf,sources/CEB_PF_25_DOC_43.pdf,f486b7d16c70981141660b3067c36ef96e5be23c9f00a2a8ef2922882981814d,130642,,BUILD_OR_DISCOVERY,True,SEE_SEMANTIC_REVIEW_LOG_NOT_INFERRED_FROM_DOWNLOAD
CEB_PF_25_DOC_59,https://cdn.cebraspe.org.br/concursos/PF_25/arquivos/PROVA DISCURSIVA – CARGO 1.pdf,,PROVA DISCURSIVA – CARGO 1,,CEB_PF_25,2025-07-29T19:00:00,2026-10-01T13:50:47.077016+00:00,FAILED,,,,,URL can't contain control characters. '/concursos/PF_25/arquivos/PROVA DISCURSIVA – CARGO 1.pdf' (found at least ' '),BUILD_OR_DISCOVERY,False,SEE_SEMANTIC_REVIEW_LOG_NOT_INFERRED_FROM_DOWNLOAD
CEB_PF_25_DOC_59_RETRY1,https://cdn.cebraspe.org.br/concursos/PF_25/arquivos/PROVA DISCURSIVA – CARGO 1.pdf,https://cdn.cebraspe.org.br/concursos/PF_25/arquivos/PROVA%20DISCURSIVA%20%E2%80%93%20CARGO%201.pdf,PROVA DISCURSIVA – CARGO 1,,CEB_PF_25,,2026-10-01T14:16:15.568451+00:00,200,application/pdf,sources/CEB_PF_25_DOC_59_RETRY1.pdf,e7118d0d20816d6cb7b1f777a389025cdab1bed4e37134bef786985f3310eb49,144771,,BUILD_OR_DISCOVERY,True,SEE_SEMANTIC_REVIEW_LOG_NOT_INFERRED_FROM_DOWNLOAD
CEB_PGE_AL_26,https://apis.cebraspe.org.br/cebraspe/eventos/PGE_AL_26,https://apis.cebraspe.org.br/cebraspe/eventos/PGE_AL_26,,PGE AL 26,,,2026-10-01T13:49:15.167827+00:00,200,application/json; charset=utf-8,sources/CEB_PGE_AL_26.html,81c012be10700f0ef66de626a4b23f6f691eb363285777a89da8f2e111e79579,17608,,BUILD_OR_DISCOVERY,True,SEE_SEMANTIC_REVIEW_LOG_NOT_INFERRED_FROM_DOWNLOAD
CEB_PGE_AL_26_DOC_0,https://cdn.cebraspe.org.br/concursos/PGE_AL_26/arquivos/E30405D8FA2DE9B7FB3214F56781A2A33187C7F96567C12916CEF4940FDB29AC.pdf,https://cdn.cebraspe.org.br/concursos/PGE_AL_26/arquivos/E30405D8FA2DE9B7FB3214F56781A2A33187C7F96567C12916CEF4940FDB29AC.pdf,PROVA OBJETIVA (P1),,CEB_PGE_AL_26,2026-09-25T11:00:00,2026-10-01T13:56:02.275600+00:00,200,application/pdf,sources/CEB_PGE_AL_26_DOC_0.pdf,3713f695e28239b1a94fe5807e6bf471019948a527da42e13c8537af99105edd,1034699,,BUILD_OR_DISCOVERY,True,SEE_SEMANTIC_REVIEW_LOG_NOT_INFERRED_FROM_DOWNLOAD
CEB_PGE_AL_26_DOC_1,https://cdn.cebraspe.org.br/concursos/PGE_AL_26/arquivos/60012B51B26F5096D7E3C128E5653F793C06C6D91209FD6A4328564A8FB9F16A.pdf,https://cdn.cebraspe.org.br/concursos/PGE_AL_26/arquivos/60012B51B26F5096D7E3C128E5653F793C06C6D91209FD6A4328564A8FB9F16A.pdf,GABARITO PRELIMINAR – PROVA OBJETIVA (P1),,CEB_PGE_AL_26,2026-09-25T11:00:00,2026-10-01T13:56:02.276180+00:00,200,application/pdf,sources/CEB_PGE_AL_26_DOC_1.pdf,64df5ab242b6930622f3c34676413eabbc8d60ede9058552328f7c4f8a4880aa,292274,,BUILD_OR_DISCOVERY,True,SEE_SEMANTIC_REVIEW_LOG_NOT_INFERRED_FROM_DOWNLOAD
CEB_PGE_AL_26_DOC_2,https://cdn.cebraspe.org.br/concursos/PGE_AL_26/arquivos/907368AEBDACAE4C436DDFD96DD03675935F8B0E1639528A4674D814E80C5378.pdf,https://cdn.cebraspe.org.br/concursos/PGE_AL_26/arquivos/907368AEBDACAE4C436DDFD96DD03675935F8B0E1639528A4674D814E80C5378.pdf,PROVA DISCURSIVA (P2),,CEB_PGE_AL_26,2026-09-08T19:00:00,2026-10-01T13:56:02.276766+00:00,200,application/pdf,sources/CEB_PGE_AL_26_DOC_2.pdf,8a3925dc68dbda18e0c0c604c5dcdf5e6fcb7ce95d7d026d57ab3fc05f78e34e,132365,,BUILD_OR_DISCOVERY,True,SEE_SEMANTIC_REVIEW_LOG_NOT_INFERRED_FROM_DOWNLOAD
CEB_PGE_AL_26_DOC_3,https://cdn.cebraspe.org.br/concursos/PGE_AL_26/arquivos/D39D8E18D3EBAE970749909BBED44B75CA6178DE3C8D1AC1B712FD3314941413.pdf,https://cdn.cebraspe.org.br/concursos/PGE_AL_26/arquivos/D39D8E18D3EBAE970749909BBED44B75CA6178DE3C8D1AC1B712FD3314941413.pdf,PROVA DISCURSIVA (P3),,CEB_PGE_AL_26,2026-09-08T19:00:00,2026-10-01T13:56:02.277342+00:00,200,application/pdf,sources/CEB_PGE_AL_26_DOC_3.pdf,bfdd3e159a84b6f7d78c8202122f3f2c455630aa2929d4c472428f537f8a5fcc,83567,,BUILD_OR_DISCOVERY,True,SEE_SEMANTIC_REVIEW_LOG_NOT_INFERRED_FROM_DOWNLOAD
CEB_PGE_AL_26_DOC_4,https://cdn.cebraspe.org.br/concursos/PGE_AL_26/arquivos/E87B4E729C7D8F63C271050739058E276A94CAE3C6AA94A2AAB30605E71614D1.pdf,https://cdn.cebraspe.org.br/concursos/PGE_AL_26/arquivos/E87B4E729C7D8F63C271050739058E276A94CAE3C6AA94A2AAB30605E71614D1.pdf,PADRÃO PRELIMINAR DE RESPOSTAS – PROVA DISCURSIVA (P2),,CEB_PGE_AL_26,2026-09-08T19:00:00,2026-10-01T13:56:02.277774+00:00,200,application/pdf,sources/CEB_PGE_AL_26_DOC_4.pdf,c8279c9440840f1674e0a412f8f9efbf16ccf800630966a42106d277911d5433,601303,,BUILD_OR_DISCOVERY,True,SEE_SEMANTIC_REVIEW_LOG_NOT_INFERRED_FROM_DOWNLOAD
CEB_PGE_AL_26_DOC_5,https://cdn.cebraspe.org.br/concursos/PGE_AL_26/arquivos/1BB1BAFECD604F9D530679CFF5E097F96039619CFB7D53926D4093318B6F7DC4.pdf,https://cdn.cebraspe.org.br/concursos/PGE_AL_26/arquivos/1BB1BAFECD604F9D530679CFF5E097F96039619CFB7D53926D4093318B6F7DC4.pdf,PADRÃO PRELIMINAR DE RESPOSTAS – PROVA DISCURSIVA (P3),,CEB_PGE_AL_26,2026-09-08T19:00:00,2026-10-01T13:56:02.279837+00:00,200,application/pdf,sources/CEB_PGE_AL_26_DOC_5.pdf,6118ceb9ed3f3af0a12e77d4259c2f487418c6646cf29b5d39264e513b79e31d,169075,,BUILD_OR_DISCOVERY,True,SEE_SEMANTIC_REVIEW_LOG_NOT_INFERRED_FROM_DOWNLOAD
CEB_PGE_ES_22_PROCURADOR,https://apis.cebraspe.org.br/cebraspe/eventos/PGE_ES_22_PROCURADOR,https://apis.cebraspe.org.br/cebraspe/eventos/PGE_ES_22_PROCURADOR,,PGE ES 22,,,2026-10-01T13:49:41.020718+00:00,200,application/json; charset=utf-8,sources/CEB_PGE_ES_22_PROCURADOR.html,d588a7cb7146a762f760e2fe1d2101150714678f735178ecce87885c15c561ef,10978,,BUILD_OR_DISCOVERY,True,SEE_SEMANTIC_REVIEW_LOG_NOT_INFERRED_FROM_DOWNLOAD
CEB_PGE_ES_25_PROCURADOR,https://apis.cebraspe.org.br/cebraspe/eventos/PGE_ES_25_PROCURADOR,https://apis.cebraspe.org.br/cebraspe/eventos/PGE_ES_25_PROCURADOR,,PGE ES 25 PROCURADOR,,,2026-10-01T13:49:41.021568+00:00,200,application/json; charset=utf-8,sources/CEB_PGE_ES_25_PROCURADOR.html,d9beada7ae7aea08002a9ad895dc036640b87eb45b37b999cc6aae049ddd843f,21078,,BUILD_OR_DISCOVERY,True,SEE_SEMANTIC_REVIEW_LOG_NOT_INFERRED_FROM_DOWNLOAD
CEB_PGE_PA_22_PROCURADOR,https://apis.cebraspe.org.br/cebraspe/eventos/PGE_PA_22_PROCURADOR,https://apis.cebraspe.org.br/cebraspe/eventos/PGE_PA_22_PROCURADOR,,PGE/PA 2022,,,2026-10-01T13:49:41.431065+00:00,200,application/json; charset=utf-8,sources/CEB_PGE_PA_22_PROCURADOR.html,5cfbeeb9bf5ccba534015de2d0f0b852b2dfa8df12b831e34e7c56328573edad,9506,,BUILD_OR_DISCOVERY,True,SEE_SEMANTIC_REVIEW_LOG_NOT_INFERRED_FROM_DOWNLOAD
CEB_PGE_PA_23_PROCURADOR,https://apis.cebraspe.org.br/cebraspe/eventos/PGE_PA_23_PROCURADOR,https://apis.cebraspe.org.br/cebraspe/eventos/PGE_PA_23_PROCURADOR,,PGE/PA 23 - PROCURADOR,,,2026-10-01T13:49:49.905051+00:00,200,application/json; charset=utf-8,sources/CEB_PGE_PA_23_PROCURADOR.html,f9a0e5c6e708cff4ceccfd2979945a369062ed728741ef3df2994431cac4ab15,9335,,BUILD_OR_DISCOVERY,True,SEE_SEMANTIC_REVIEW_LOG_NOT_INFERRED_FROM_DOWNLOAD
CEB_PGE_PI_25,https://apis.cebraspe.org.br/cebraspe/eventos/PGE_PI_25,https://apis.cebraspe.org.br/cebraspe/eventos/PGE_PI_25,,PGE PI 25,,,2026-10-01T13:49:41.211234+00:00,200,application/json; charset=utf-8,sources/CEB_PGE_PI_25.html,823032610981c266bbd484dabbc450d119db6fd8385390973653de04a8233799,17923,,BUILD_OR_DISCOVERY,True,SEE_SEMANTIC_REVIEW_LOG_NOT_INFERRED_FROM_DOWNLOAD
CEB_PGE_PR_24_PROCURADOR,https://apis.cebraspe.org.br/cebraspe/eventos/PGE_PR_24_PROCURADOR,https://apis.cebraspe.org.br/cebraspe/eventos/PGE_PR_24_PROCURADOR,,PGE PR 24 PROCURADOR,,,2026-10-01T13:49:41.217629+00:00,200,application/json; charset=utf-8,sources/CEB_PGE_PR_24_PROCURADOR.html,e2a346d283a4092a79419f995430cd965841751136a930199a2ecd0882f22925,21702,,BUILD_OR_DISCOVERY,True,SEE_SEMANTIC_REVIEW_LOG_NOT_INFERRED_FROM_DOWNLOAD
CEB_PGE_RJ_22,https://apis.cebraspe.org.br/cebraspe/eventos/PGE_RJ_22,https://apis.cebraspe.org.br/cebraspe/eventos/PGE_RJ_22,,PGE RJ 22,,,2026-10-01T13:49:41.237923+00:00,200,application/json; charset=utf-8,sources/CEB_PGE_RJ_22.html,5dbc964a01f5451be22816dce26ea20eff74e234b9bef2934f9fa5c1be20a656,11590,,BUILD_OR_DISCOVERY,True,SEE_SEMANTIC_REVIEW_LOG_NOT_INFERRED_FROM_DOWNLOAD
CEB_PGE_RN_23_PROCURADOR,https://apis.cebraspe.org.br/cebraspe/eventos/PGE_RN_23_PROCURADOR,https://apis.cebraspe.org.br/cebraspe/eventos/PGE_RN_23_PROCURADOR,,PGE RN PROCURADOR,,,2026-10-01T13:49:41.282142+00:00,200,application/json; charset=utf-8,sources/CEB_PGE_RN_23_PROCURADOR.html,38742155afe07659c3bef7e3bc2b5af438afe630bb53b13d662b0f1922dcef93,12305,,BUILD_OR_DISCOVERY,True,SEE_SEMANTIC_REVIEW_LOG_NOT_INFERRED_FROM_DOWNLOAD
CEB_PGE_RN_26,https://apis.cebraspe.org.br/cebraspe/eventos/PGE_RN_26,https://apis.cebraspe.org.br/cebraspe/eventos/PGE_RN_26,,PGE RN 26,,,2026-10-01T13:49:15.168611+00:00,200,application/json; charset=utf-8,sources/CEB_PGE_RN_26.html,fbc0aa6cf6dc5d6ee422d082824549d001303bb5129ceeeaa4116ba836898722,16943,,BUILD_OR_DISCOVERY,True,SEE_SEMANTIC_REVIEW_LOG_NOT_INFERRED_FROM_DOWNLOAD
CEB_PGE_RN_26_DOC_0,https://cdn.cebraspe.org.br/concursos/PGE_RN_26/arquivos/37CA592F5541A2B68E17E13216DD64D0393440712A892BE9DD6861C3C4FFB860.pdf,https://cdn.cebraspe.org.br/concursos/PGE_RN_26/arquivos/37CA592F5541A2B68E17E13216DD64D0393440712A892BE9DD6861C3C4FFB860.pdf,PADRÃO DEFINITIVO DE RESPOSTAS – PROVA DISCURSIVA,,CEB_PGE_RN_26,2026-09-01T11:55:00,2026-10-01T13:56:02.280518+00:00,200,application/pdf,sources/CEB_PGE_RN_26_DOC_0.pdf,ea9aa515de0632895bd67071ce9595f592fea581b83bf451ade8b8de04445c27,227516,,BUILD_OR_DISCOVERY,True,SEE_SEMANTIC_REVIEW_LOG_NOT_INFERRED_FROM_DOWNLOAD
CEB_PGE_RN_26_DOC_1,https://cdn.cebraspe.org.br/concursos/PGE_RN_26/arquivos/80780B33D77B4E927B84590FE5774140791E94256A34AE268E22A8F8A91CA89C.pdf,https://cdn.cebraspe.org.br/concursos/PGE_RN_26/arquivos/80780B33D77B4E927B84590FE5774140791E94256A34AE268E22A8F8A91CA89C.pdf,GABARITO DEFINITIVO – CONHECIMENTOS GERAIS,,CEB_PGE_RN_26,2026-07-20T12:47:00,2026-10-01T13:56:02.280997+00:00,200,application/pdf,sources/CEB_PGE_RN_26_DOC_1.pdf,005f96114d55b4920f1d3de7926421efafb9ca521331710b4f0f7e715f10c6e1,197829,,BUILD_OR_DISCOVERY,True,SEE_SEMANTIC_REVIEW_LOG_NOT_INFERRED_FROM_DOWNLOAD
CEB_PGE_RN_26_DOC_2,https://cdn.cebraspe.org.br/concursos/PGE_RN_26/arquivos/E281AA41FC8761D60B72411507FBBB406AD65D65E32B897DDC1A499DD2EDB871.pdf,https://cdn.cebraspe.org.br/concursos/PGE_RN_26/arquivos/E281AA41FC8761D60B72411507FBBB406AD65D65E32B897DDC1A499DD2EDB871.pdf,GABARITO DEFINITIVO – CONHECIMENTOS ESPECÍFICOS,,CEB_PGE_RN_26,2026-07-20T12:47:00,2026-10-01T13:56:12.493582+00:00,200,application/pdf,sources/CEB_PGE_RN_26_DOC_2.pdf,5a932ce51b95e6c58cb29dfcf295c548eef19635ce58a9ec8c1d15f1614c5de4,198357,,BUILD_OR_DISCOVERY,True,SEE_SEMANTIC_REVIEW_LOG_NOT_INFERRED_FROM_DOWNLOAD
CEB_PGE_RN_26_DOC_3,https://cdn.cebraspe.org.br/concursos/PGE_RN_26/arquivos/96044335EF8662808909A348164A59333FDD5B674B86E9A089F82AA2A8DAB2E1.pdf,https://cdn.cebraspe.org.br/concursos/PGE_RN_26/arquivos/96044335EF8662808909A348164A59333FDD5B674B86E9A089F82AA2A8DAB2E1.pdf,PROVA OBJETIVA – CONHECIMENTOS GERAIS,,CEB_PGE_RN_26,2026-06-26T19:00:00,2026-10-01T13:56:12.492719+00:00,200,application/pdf,sources/CEB_PGE_RN_26_DOC_3.pdf,c3abf4f86b0e7f5155526006efa69f36dda46337909c7b673683f835458ae696,833831,,BUILD_OR_DISCOVERY,True,SEE_SEMANTIC_REVIEW_LOG_NOT_INFERRED_FROM_DOWNLOAD
CEB_PGE_RN_26_DOC_4,https://cdn.cebraspe.org.br/concursos/PGE_RN_26/arquivos/F9BBCFC2C4203E0C40EDDA83F42F2D534C2B38D2D34D4A20D04D8643C2366E6E.pdf,https://cdn.cebraspe.org.br/concursos/PGE_RN_26/arquivos/F9BBCFC2C4203E0C40EDDA83F42F2D534C2B38D2D34D4A20D04D8643C2366E6E.pdf,PROVA OBJETIVA – CONHECIMENTOS ESPECÍFICOS,,CEB_PGE_RN_26,2026-06-26T19:00:00,2026-10-01T13:56:12.496026+00:00,200,application/pdf,sources/CEB_PGE_RN_26_DOC_4.pdf,9aedfaf71187b1ef0f6c6d970938e3b48c9a060a6ef75af2d7b93c575db4cbf4,1072420,,BUILD_OR_DISCOVERY,True,SEE_SEMANTIC_REVIEW_LOG_NOT_INFERRED_FROM_DOWNLOAD
CEB_PGE_RN_26_DOC_5,https://cdn.cebraspe.org.br/concursos/PGE_RN_26/arquivos/1528DB3995A7A179EA3AA14B60C9A4459C52BF27AC38311BF9AFE9BE0F3672B9.pdf,https://cdn.cebraspe.org.br/concursos/PGE_RN_26/arquivos/1528DB3995A7A179EA3AA14B60C9A4459C52BF27AC38311BF9AFE9BE0F3672B9.pdf,PROVA DISCURSIVA,,CEB_PGE_RN_26,2026-06-23T19:00:00,2026-10-01T13:56:12.498777+00:00,200,application/pdf,sources/CEB_PGE_RN_26_DOC_5.pdf,07c14e5af75c3ef95b2b212ab1c68c50a028e912c4511754e9bb56a79c5f309d,152227,,BUILD_OR_DISCOVERY,True,SEE_SEMANTIC_REVIEW_LOG_NOT_INFERRED_FROM_DOWNLOAD
CEB_PGE_RR_23_PROCURADOR,https://apis.cebraspe.org.br/cebraspe/eventos/PGE_RR_23_PROCURADOR,https://apis.cebraspe.org.br/cebraspe/eventos/PGE_RR_23_PROCURADOR,,PGE/RR PROCURADOR,,,2026-10-01T13:49:50.090895+00:00,200,application/json; charset=utf-8,sources/CEB_PGE_RR_23_PROCURADOR.html,98b02ef8bf818bfe38903b0b4a2f32f75e89ce62eee30c2e4b8c4fe2b0e19f93,8904,,BUILD_OR_DISCOVERY,True,SEE_SEMANTIC_REVIEW_LOG_NOT_INFERRED_FROM_DOWNLOAD
CEB_PGE_SE_23_PROCURADOR,https://apis.cebraspe.org.br/cebraspe/eventos/PGE_SE_23_PROCURADOR,https://apis.cebraspe.org.br/cebraspe/eventos/PGE_SE_23_PROCURADOR,,PGE SE,,,2026-10-01T13:49:41.417254+00:00,200,application/json; charset=utf-8,sources/CEB_PGE_SE_23_PROCURADOR.html,91721a7d38bf82a62f9f7778a7b118bb612d555550c1c8f56060f8dd30434b22,8479,,BUILD_OR_DISCOVERY,True,SEE_SEMANTIC_REVIEW_LOG_NOT_INFERRED_FROM_DOWNLOAD
CEB_PGM_ARACAJU_24_PROCURADOR,https://apis.cebraspe.org.br/cebraspe/eventos/PGM_ARACAJU_24_PROCURADOR,https://apis.cebraspe.org.br/cebraspe/eventos/PGM_ARACAJU_24_PROCURADOR,,PGM ARACAJU 24 PROCURADOR,,,2026-10-01T13:49:50.093715+00:00,200,application/json; charset=utf-8,sources/CEB_PGM_ARACAJU_24_PROCURADOR.html,c1298c463cd30810c692257a18c5ba61c346822150d1f94cfe89f1fd32597fb6,9159,,BUILD_OR_DISCOVERY,True,SEE_SEMANTIC_REVIEW_LOG_NOT_INFERRED_FROM_DOWNLOAD
CEB_PGM_CUIABA_24_PROCURADOR,https://apis.cebraspe.org.br/cebraspe/eventos/PGM_CUIABA_24_PROCURADOR,https://apis.cebraspe.org.br/cebraspe/eventos/PGM_CUIABA_24_PROCURADOR,,PGM_CUIABA_24_PROCURADOR,,,2026-10-01T13:49:50.136462+00:00,200,application/json; charset=utf-8,sources/CEB_PGM_CUIABA_24_PROCURADOR.html,a5f44664138f4685d8f85694aa7adf23e092dab4a11463d33b8c593648a176b9,8888,,BUILD_OR_DISCOVERY,True,SEE_SEMANTIC_REVIEW_LOG_NOT_INFERRED_FROM_DOWNLOAD
CEB_PGM_RECIFE_22_PROCURADOR,https://apis.cebraspe.org.br/cebraspe/eventos/PGM_RECIFE_22_PROCURADOR,https://apis.cebraspe.org.br/cebraspe/eventos/PGM_RECIFE_22_PROCURADOR,,PGM RECIFE 22 - PROCURADOR,,,2026-10-01T13:49:50.097590+00:00,200,application/json; charset=utf-8,sources/CEB_PGM_RECIFE_22_PROCURADOR.html,18f9e72d144b9e55b94f1bf5439bc912c5c612b2231203caf89bbaa752b866f1,6823,,BUILD_OR_DISCOVERY,True,SEE_SEMANTIC_REVIEW_LOG_NOT_INFERRED_FROM_DOWNLOAD
CEB_PGM_RN_23_PROCURADOR,https://apis.cebraspe.org.br/cebraspe/eventos/PGM_RN_23_PROCURADOR,https://apis.cebraspe.org.br/cebraspe/eventos/PGM_RN_23_PROCURADOR,,PGM/NATAL 23,,,2026-10-01T13:49:50.113148+00:00,200,application/json; charset=utf-8,sources/CEB_PGM_RN_23_PROCURADOR.html,b67120cfe37c665b5f4ce96c59e43b89cf8b87d070e0299f748485630a6e9cdd,7742,,BUILD_OR_DISCOVERY,True,SEE_SEMANTIC_REVIEW_LOG_NOT_INFERRED_FROM_DOWNLOAD
CEB_PGM_SP_23_PROCURADOR,https://apis.cebraspe.org.br/cebraspe/eventos/PGM_SP_23_PROCURADOR,https://apis.cebraspe.org.br/cebraspe/eventos/PGM_SP_23_PROCURADOR,,PGM SP 23,,,2026-10-01T13:49:50.104472+00:00,200,application/json; charset=utf-8,sources/CEB_PGM_SP_23_PROCURADOR.html,fbff51810de359d002cea69f18c5826277a0efe094e6f8fc4b7f14092278ea0b,10997,,BUILD_OR_DISCOVERY,True,SEE_SEMANTIC_REVIEW_LOG_NOT_INFERRED_FROM_DOWNLOAD
CEB_PG_DF_22_PROCURADOR,https://apis.cebraspe.org.br/cebraspe/eventos/PG_DF_22_PROCURADOR,https://apis.cebraspe.org.br/cebraspe/eventos/PG_DF_22_PROCURADOR,,PGDF PROCURADOR 22,,,2026-10-01T13:49:32.960890+00:00,200,application/json; charset=utf-8,sources/CEB_PG_DF_22_PROCURADOR.html,404b6cd9d630aacf63ed2e8d8a8627cbf09e98b28de77ff2075d8326c550ef9f,18408,,BUILD_OR_DISCOVERY,True,SEE_SEMANTIC_REVIEW_LOG_NOT_INFERRED_FROM_DOWNLOAD
CEB_PREF_ANDRADINA_25_PROCURADOR,https://apis.cebraspe.org.br/cebraspe/eventos/PREF_ANDRADINA_25_PROCURADOR,https://apis.cebraspe.org.br/cebraspe/eventos/PREF_ANDRADINA_25_PROCURADOR,,PREF ANDRADINA 25 PROCURADOR,,,2026-10-01T13:49:15.171209+00:00,200,application/json; charset=utf-8,sources/CEB_PREF_ANDRADINA_25_PROCURADOR.html,70e2c136f464716bbcdb053e727cff68569ca19c24f888a03ba1ab4c9736c3ff,12027,,BUILD_OR_DISCOVERY,True,SEE_SEMANTIC_REVIEW_LOG_NOT_INFERRED_FROM_DOWNLOAD
CEB_PREF_CACHOEIRO_24_PROCURADOR,https://apis.cebraspe.org.br/cebraspe/eventos/PREF_CACHOEIRO_24_PROCURADOR,https://apis.cebraspe.org.br/cebraspe/eventos/PREF_CACHOEIRO_24_PROCURADOR,,PREF. CACHOEIRO - PROCURADOR,,,2026-10-01T13:49:50.315738+00:00,200,application/json; charset=utf-8,sources/CEB_PREF_CACHOEIRO_24_PROCURADOR.html,97479ad2379dd701936cc39214294454fd8ab24e5de1940ff1b9ce36b432c8c7,8102,,BUILD_OR_DISCOVERY,True,SEE_SEMANTIC_REVIEW_LOG_NOT_INFERRED_FROM_DOWNLOAD
CEB_PREF_PORTO_VELHO_26_PROCURADOR,https://apis.cebraspe.org.br/cebraspe/eventos/PREF_PORTO_VELHO_26_PROCURADOR,https://apis.cebraspe.org.br/cebraspe/eventos/PREF_PORTO_VELHO_26_PROCURADOR,,PREF PORTO VELHO 26 PROCURADOR,,,2026-10-01T13:49:24.272564+00:00,200,application/json; charset=utf-8,sources/CEB_PREF_PORTO_VELHO_26_PROCURADOR.html,dbba3fd1e1e6f0e2490ae4e04e527e580d1c7de9aca3fe230972ae8f3cc81646,11804,,BUILD_OR_DISCOVERY,True,SEE_SEMANTIC_REVIEW_LOG_NOT_INFERRED_FROM_DOWNLOAD
CEB_PREF_PORTO_VELHO_26_PROCURADOR_DOC_0,https://cdn.cebraspe.org.br/concursos/PREF_PORTO_VELHO_26_PROCURADOR/arquivos/F888A3874C0634EA5CCFB4220B4BCD3527D73D8AA92AB2D718700F6B031ECD03.pdf,https://cdn.cebraspe.org.br/concursos/PREF_PORTO_VELHO_26_PROCURADOR/arquivos/F888A3874C0634EA5CCFB4220B4BCD3527D73D8AA92AB2D718700F6B031ECD03.pdf,PADRÃO DEFINITIVO DE RESPOSTAS – PROVA ESCRITA TEÓRICO-PRÁTICA (P2),,CEB_PREF_PORTO_VELHO_26_PROCURADOR,2026-08-24T10:00:00,2026-10-01T13:56:12.570286+00:00,200,application/pdf,sources/CEB_PREF_PORTO_VELHO_26_PROCURADOR_DOC_0.pdf,e94ac65dd83d7a62fbf571243bd0e21dbb68aacd483f5702bb67c06360ebcdd5,445055,,BUILD_OR_DISCOVERY,True,SEE_SEMANTIC_REVIEW_LOG_NOT_INFERRED_FROM_DOWNLOAD
CEB_PREF_PORTO_VELHO_26_PROCURADOR_DOC_1,https://cdn.cebraspe.org.br/concursos/PREF_PORTO_VELHO_26_PROCURADOR/arquivos/CECA75B288868A6E12F293DDFFE892DA99521A7415D548C6F28E739B8C25195B.pdf,https://cdn.cebraspe.org.br/concursos/PREF_PORTO_VELHO_26_PROCURADOR/arquivos/CECA75B288868A6E12F293DDFFE892DA99521A7415D548C6F28E739B8C25195B.pdf,PADRÃO DEFINITIVO DE RESPOSTAS – PROVA ESCRITA TEÓRICO-PRÁTICA (P3),,CEB_PREF_PORTO_VELHO_26_PROCURADOR,2026-08-24T10:00:00,2026-10-01T13:56:12.939804+00:00,200,application/pdf,sources/CEB_PREF_PORTO_VELHO_26_PROCURADOR_DOC_1.pdf,07c3e55be8dd57e017e91dbd89832336158992a45a02539840ee694bba6d1749,459779,,BUILD_OR_DISCOVERY,True,SEE_SEMANTIC_REVIEW_LOG_NOT_INFERRED_FROM_DOWNLOAD
CEB_PREF_PORTO_VELHO_26_PROCURADOR_DOC_2,https://cdn.cebraspe.org.br/concursos/PREF_PORTO_VELHO_26_PROCURADOR/arquivos/895DE68DDE4701DAD7DA10B60FAC0A69A5680B9603178EA839CEEF820820B84E.pdf,https://cdn.cebraspe.org.br/concursos/PREF_PORTO_VELHO_26_PROCURADOR/arquivos/895DE68DDE4701DAD7DA10B60FAC0A69A5680B9603178EA839CEEF820820B84E.pdf,PROVA ESCRITA TEÓRICO-PRÁTICA (P2),,CEB_PREF_PORTO_VELHO_26_PROCURADOR,2026-07-28T19:00:00,2026-10-01T13:56:13.023494+00:00,200,application/pdf,sources/CEB_PREF_PORTO_VELHO_26_PROCURADOR_DOC_2.pdf,6201bb113d970c3cc35a1f42e755b0607338c4cbd1c750922a2968166082a4b7,260524,,BUILD_OR_DISCOVERY,True,SEE_SEMANTIC_REVIEW_LOG_NOT_INFERRED_FROM_DOWNLOAD
CEB_PREF_PORTO_VELHO_26_PROCURADOR_DOC_3,https://cdn.cebraspe.org.br/concursos/PREF_PORTO_VELHO_26_PROCURADOR/arquivos/E75295622D945D374F1EDD664584036CF84F99C4E6D34C792E0C5984F046105B.pdf,https://cdn.cebraspe.org.br/concursos/PREF_PORTO_VELHO_26_PROCURADOR/arquivos/E75295622D945D374F1EDD664584036CF84F99C4E6D34C792E0C5984F046105B.pdf,PROVA ESCRITA TEÓRICO-PRÁTICA (P3),,CEB_PREF_PORTO_VELHO_26_PROCURADOR,2026-07-28T19:00:00,2026-10-01T13:56:13.134426+00:00,200,application/pdf,sources/CEB_PREF_PORTO_VELHO_26_PROCURADOR_DOC_3.pdf,cd8cc5236d6e2d4ad0bc3bb620f190ab957a2ba540881a9409d0b0570e9773f3,258573,,BUILD_OR_DISCOVERY,True,SEE_SEMANTIC_REVIEW_LOG_NOT_INFERRED_FROM_DOWNLOAD
CEB_PREF_PORTO_VELHO_26_PROCURADOR_DOC_4,https://cdn.cebraspe.org.br/concursos/PREF_PORTO_VELHO_26_PROCURADOR/arquivos/1BE27D4EA11F046AAA86501155F9A0AC9B37440CEC17AFA0FD69121A61D21C10.pdf,https://cdn.cebraspe.org.br/concursos/PREF_PORTO_VELHO_26_PROCURADOR/arquivos/1BE27D4EA11F046AAA86501155F9A0AC9B37440CEC17AFA0FD69121A61D21C10.pdf,GABARITO DEFINITIVO - PROVA PREAMBULAR (OBJETIVA),,CEB_PREF_PORTO_VELHO_26_PROCURADOR,2026-07-17T10:06:00,2026-10-01T13:56:23.116818+00:00,200,application/pdf,sources/CEB_PREF_PORTO_VELHO_26_PROCURADOR_DOC_4.pdf,69f8a142082b97a25c3ed211085dec0af9dd9c7df4396f52ac214569df5a09ee,196892,,BUILD_OR_DISCOVERY,True,SEE_SEMANTIC_REVIEW_LOG_NOT_INFERRED_FROM_DOWNLOAD
CEB_PREF_PORTO_VELHO_26_PROCURADOR_DOC_5,https://cdn.cebraspe.org.br/concursos/PREF_PORTO_VELHO_26_PROCURADOR/arquivos/D7D0156B9F8B9FE194A27B7538F9CF7BDC768DB52C70EB6B1DC59DCAE4812033.pdf,https://cdn.cebraspe.org.br/concursos/PREF_PORTO_VELHO_26_PROCURADOR/arquivos/D7D0156B9F8B9FE194A27B7538F9CF7BDC768DB52C70EB6B1DC59DCAE4812033.pdf,PROVA PREAMBULAR (OBJETIVA),,CEB_PREF_PORTO_VELHO_26_PROCURADOR,2026-06-26T19:00:00,2026-10-01T13:56:23.202675+00:00,200,application/pdf,sources/CEB_PREF_PORTO_VELHO_26_PROCURADOR_DOC_5.pdf,6b13e5f9a568571f170829519ba0b7eea560950c5f81d3210a401669fb226085,1341258,,BUILD_OR_DISCOVERY,True,SEE_SEMANTIC_REVIEW_LOG_NOT_INFERRED_FROM_DOWNLOAD
CEB_TCE_MS_23_PROCURADOR,https://apis.cebraspe.org.br/cebraspe/eventos/TCE_MS_23_PROCURADOR,https://apis.cebraspe.org.br/cebraspe/eventos/TCE_MS_23_PROCURADOR,,TCE MS 23,,,2026-10-01T13:49:58.421108+00:00,200,application/json; charset=utf-8,sources/CEB_TCE_MS_23_PROCURADOR.html,c1a494d78557e94ff77457a0d245cf261fa2d4d7b5836ad2b4eff265b3d4d474,15024,,BUILD_OR_DISCOVERY,True,SEE_SEMANTIC_REVIEW_LOG_NOT_INFERRED_FROM_DOWNLOAD
CEB_TCE_RJ_22_PROCURADOR,https://apis.cebraspe.org.br/cebraspe/eventos/TCE_RJ_22_PROCURADOR,https://apis.cebraspe.org.br/cebraspe/eventos/TCE_RJ_22_PROCURADOR,,TCE RJ 22 PROCURADOR,,,2026-10-01T13:49:58.429047+00:00,200,application/json; charset=utf-8,sources/CEB_TCE_RJ_22_PROCURADOR.html,4ffb4cd05dfff8d75f9b2fc1b407c22f1df9a4eb95f3bb03807bdaafa5841ca3,14112,,BUILD_OR_DISCOVERY,True,SEE_SEMANTIC_REVIEW_LOG_NOT_INFERRED_FROM_DOWNLOAD
CEB_TC_DF_24_PROCURADOR,https://apis.cebraspe.org.br/cebraspe/eventos/TC_DF_24_PROCURADOR,https://apis.cebraspe.org.br/cebraspe/eventos/TC_DF_24_PROCURADOR,,TC DF 24 PROCURADOR,,,2026-10-01T13:49:58.403183+00:00,200,application/json; charset=utf-8,sources/CEB_TC_DF_24_PROCURADOR.html,4cdae44726c223e8b003fc3e126371245fedfcdefb695c5910cdb617d5453e89,12655,,BUILD_OR_DISCOVERY,True,SEE_SEMANTIC_REVIEW_LOG_NOT_INFERRED_FROM_DOWNLOAD
CEB_TJDFT_22_JUIZ,https://apis.cebraspe.org.br/cebraspe/eventos/TJDFT_22_JUIZ,https://apis.cebraspe.org.br/cebraspe/eventos/TJDFT_22_JUIZ,,TJDFT JUIZ 22,,,2026-10-01T13:49:58.603146+00:00,200,application/json; charset=utf-8,sources/CEB_TJDFT_22_JUIZ.html,bbab7e95e682692b26fa57caa435d187ff9772cf8de0ec8519153b1bbd03d396,17682,,BUILD_OR_DISCOVERY,True,SEE_SEMANTIC_REVIEW_LOG_NOT_INFERRED_FROM_DOWNLOAD
CEB_TJ_MA_22_JUIZ,https://apis.cebraspe.org.br/cebraspe/eventos/TJ_MA_22_JUIZ,https://apis.cebraspe.org.br/cebraspe/eventos/TJ_MA_22_JUIZ,,TJMA 2022 JUIZ,,,2026-10-01T13:49:58.610075+00:00,200,application/json; charset=utf-8,sources/CEB_TJ_MA_22_JUIZ.html,643206dcf3c2881f4869b731c83b8898d7751b861ccffbb36459cccd39fdc469,28884,,BUILD_OR_DISCOVERY,True,SEE_SEMANTIC_REVIEW_LOG_NOT_INFERRED_FROM_DOWNLOAD
CNJ_INDEX,https://www.cnj.jus.br/poder-judiciario/concursos-de-tribunais/,,,,,,2026-10-01T13:46:13.531203+00:00,FAILED,,,,,HTTP Error 403: Forbidden,BUILD_OR_DISCOVERY,False,SEE_SEMANTIC_REVIEW_LOG_NOT_INFERRED_FROM_DOWNLOAD
DPEMA_INDEX,https://defensoria.ma.def.br/dpema/portal/concursos,https://defensoria.ma.def.br/dpema/portal/concursos,,,,,2026-10-01T13:46:20.503690+00:00,200,text/html,sources/DPEMA_INDEX.html,4efc3d6c40ea936276473c9b8c08788d24a5b33fc7b626b234b0d1e1d7d1390e,77143,,BUILD_OR_DISCOVERY,True,SEE_SEMANTIC_REVIEW_LOG_NOT_INFERRED_FROM_DOWNLOAD
DPEMA_INDEX_DOC_123,https://defensoria.ma.def.br/dpema/documentos/c67e33546b20ffdd8756fb4d76536874.pdf,https://defensoria.ma.def.br/dpema/documentos/c67e33546b20ffdd8756fb4d76536874.pdf,22/01/2026 - Edinal n. 01/2026 - Abertura das Inscricoes,,DPEMA_INDEX,,2026-10-01T13:58:02.128281+00:00,200,application/pdf,sources/DPEMA_INDEX_DOC_123.pdf,392bf43d18aa64e0798ac0613c9acf2b8e81fd01f769a8ba3ab25ba6358430ed,623999,,BUILD_OR_DISCOVERY,True,SEE_SEMANTIC_REVIEW_LOG_NOT_INFERRED_FROM_DOWNLOAD
DPESC_2026,https://www.fundatec.org.br/portal/concursos/index_concursos.php?concurso=1070,https://www.fundatec.org.br/portal/concursos/index_concursos.php?concurso=1070,,,,,2026-10-01T13:46:20.496238+00:00,202,text/html; charset=UTF-8,sources/DPESC_2026.html,e3b0c44298fc1c149afbf4c8996fb92427ae41e4649b934ca495991b7852b855,0,,BUILD_OR_DISCOVERY,True,SEE_SEMANTIC_REVIEW_LOG_NOT_INFERRED_FROM_DOWNLOAD
FCC_ENCERRADOS,https://www.concursosfcc.com.br/concursoOutraSituacao.html,https://www.concursosfcc.com.br/concursoOutraSituacao.html,,,,,2026-10-01T13:46:13.528485+00:00,200,text/html; charset=ISO-8859-1,sources/FCC_ENCERRADOS.html,3aa676260298b221f1fe0e791166f9d5fb474f43d45a6527be5e65aab567431e,108049,,BUILD_OR_DISCOVERY,True,SEE_SEMANTIC_REVIEW_LOG_NOT_INFERRED_FROM_DOWNLOAD
FCC_INDEX,https://www.concursosfcc.com.br/,https://www.concursosfcc.com.br/,,,,,2026-10-01T13:46:13.528128+00:00,200,text/html; charset=ISO-8859-1,sources/FCC_INDEX.html,1f7b933229b4e9fea423bfe5739608e2726123bad9398303fb1e579ec56bcc00,8796,,BUILD_OR_DISCOVERY,True,SEE_SEMANTIC_REVIEW_LOG_NOT_INFERRED_FROM_DOWNLOAD
FCC_dpeam224,https://www.concursosfcc.com.br/concursos/dpeam224/index.html,https://www.concursosfcc.com.br/concursos/dpeam224/index.html,Defensoria P�blica do Estado do Amazonas,,,,2026-10-01T13:57:41.513135+00:00,200,text/html; charset=ISO-8859-1,sources/FCC_dpeam224.html,a125c4a8fa8cb7e49406c6afd08c79b672ac0063812cc578a203da17b0347ac7,33697,,BUILD_OR_DISCOVERY,True,SEE_SEMANTIC_REVIEW_LOG_NOT_INFERRED_FROM_DOWNLOAD
FCC_dpeap122,https://www.concursosfcc.com.br/concursos/dpeap122/index.html,https://www.concursosfcc.com.br/concursos/dpeap122/index.html,Defensoria P�blica do Estado do Amap�,,,,2026-10-01T13:57:41.512321+00:00,200,text/html; charset=ISO-8859-1,sources/FCC_dpeap122.html,055f8368db149cb8af9ca75ec0662f74b88d8cf2a34c700d28874cdeae73ed69,44589,,BUILD_OR_DISCOVERY,True,SEE_SEMANTIC_REVIEW_LOG_NOT_INFERRED_FROM_DOWNLOAD
FCC_dpeba125,https://www.concursosfcc.com.br/concursos/dpeba125/index.html,https://www.concursosfcc.com.br/concursos/dpeba125/index.html,Defensoria Publica do Estado da Bahia Defensor(a) P�blico(a),,,,2026-10-01T13:57:41.511263+00:00,200,text/html; charset=ISO-8859-1,sources/FCC_dpeba125.html,a726bf348f483e261e00a2595bdeff446fc8a66e5ddd3ae495258874536c2e5f,32281,,BUILD_OR_DISCOVERY,True,SEE_SEMANTIC_REVIEW_LOG_NOT_INFERRED_FROM_DOWNLOAD
FCC_dpesp222,https://www.concursosfcc.com.br/concursos/dpesp222/index.html,https://www.concursosfcc.com.br/concursos/dpesp222/index.html,Defensoria P�blica do Estado de S�o Paulo,,,,2026-10-01T13:57:41.511905+00:00,200,text/html; charset=ISO-8859-1,sources/FCC_dpesp222.html,fe8c9085e8ec315e17ad9c73535800d594bf6987c7600a888c4f019b875676a4,49984,,BUILD_OR_DISCOVERY,True,SEE_SEMANTIC_REVIEW_LOG_NOT_INFERRED_FROM_DOWNLOAD
FCC_pgego124,https://www.concursosfcc.com.br/concursos/pgego124/index.html,https://www.concursosfcc.com.br/concursos/pgego124/index.html,Procuradoria Geral do Estado de Goi�s,,,,2026-10-01T13:57:41.513593+00:00,200,text/html; charset=ISO-8859-1,sources/FCC_pgego124.html,0622d336cd2bde147cebc14228e9d7d301ce27e9d9473034d4de28a0d4cefae7,35552,,BUILD_OR_DISCOVERY,True,SEE_SEMANTIC_REVIEW_LOG_NOT_INFERRED_FROM_DOWNLOAD
FGV_INDEX,https://conhecimento.fgv.br/concursos,https://conhecimento.fgv.br/concursos,,,,,2026-10-01T13:43:39.987149+00:00,200,text/html; charset=UTF-8,sources/FGV_INDEX.html,ddcf8a1d70c469d303aeca341870d38ca0f76f584338368ab72af3c25be62b60,51538,,BUILD_OR_DISCOVERY,True,SEE_SEMANTIC_REVIEW_LOG_NOT_INFERRED_FROM_DOWNLOAD
FGV_INDEX_1,https://conhecimento.fgv.br/concursos?page=1,https://conhecimento.fgv.br/concursos?page=1,,,,,2026-10-01T13:44:12.719748+00:00,200,text/html; charset=UTF-8,sources/FGV_INDEX_1.html,cf9dff10945d28b48c9cb54111d80e883fdd0b2292a825c7cfa257a4dcf04045,52662,,BUILD_OR_DISCOVERY,True,SEE_SEMANTIC_REVIEW_LOG_NOT_INFERRED_FROM_DOWNLOAD
FGV_INDEX_10,https://conhecimento.fgv.br/concursos?page=10,https://conhecimento.fgv.br/concursos?page=10,,,,,2026-10-01T13:44:19.787188+00:00,200,text/html; charset=UTF-8,sources/FGV_INDEX_10.html,7999954393f86b299c0dcde61af310a2bda59afcc4313e7c293bc1e9ea163c2b,47246,,BUILD_OR_DISCOVERY,True,SEE_SEMANTIC_REVIEW_LOG_NOT_INFERRED_FROM_DOWNLOAD
FGV_INDEX_11,https://conhecimento.fgv.br/concursos?page=11,https://conhecimento.fgv.br/concursos?page=11,,,,,2026-10-01T13:44:19.812003+00:00,200,text/html; charset=UTF-8,sources/FGV_INDEX_11.html,8f2de197aaaa7b1f94f00a3495e5b022ea6ca9ed990a2c89c7881912ec4f7f86,47353,,BUILD_OR_DISCOVERY,True,SEE_SEMANTIC_REVIEW_LOG_NOT_INFERRED_FROM_DOWNLOAD
FGV_INDEX_12,https://conhecimento.fgv.br/concursos?page=12,https://conhecimento.fgv.br/concursos?page=12,,,,,2026-10-01T13:44:20.257353+00:00,200,text/html; charset=UTF-8,sources/FGV_INDEX_12.html,c39c9a5e256d41b5f9c74da22a3631e64e6521e05504682e2f85a7e15e98c4ee,47390,,BUILD_OR_DISCOVERY,True,SEE_SEMANTIC_REVIEW_LOG_NOT_INFERRED_FROM_DOWNLOAD
FGV_INDEX_13,https://conhecimento.fgv.br/concursos?page=13,https://conhecimento.fgv.br/concursos?page=13,,,,,2026-10-01T13:44:20.262406+00:00,200,text/html; charset=UTF-8,sources/FGV_INDEX_13.html,bb996c7f6c7ce1e910ee3702a6ceafb0317df10d02f71ab4f3d17850bab2f86a,42117,,BUILD_OR_DISCOVERY,True,SEE_SEMANTIC_REVIEW_LOG_NOT_INFERRED_FROM_DOWNLOAD
FGV_INDEX_2,https://conhecimento.fgv.br/concursos?page=2,https://conhecimento.fgv.br/concursos?page=2,,,,,2026-10-01T13:44:12.720383+00:00,200,text/html; charset=UTF-8,sources/FGV_INDEX_2.html,b81d1cfe701c26085e489108ed8fae081fffaaf73533a53e80e64150ae098959,52733,,BUILD_OR_DISCOVERY,True,SEE_SEMANTIC_REVIEW_LOG_NOT_INFERRED_FROM_DOWNLOAD
FGV_INDEX_3,https://conhecimento.fgv.br/concursos?page=3,https://conhecimento.fgv.br/concursos?page=3,,,,,2026-10-01T13:44:12.720733+00:00,200,text/html; charset=UTF-8,sources/FGV_INDEX_3.html,6df031ad8fe6a002a48af220c8861df239cf40ee6d0d582eb8ed2c794aa8acfb,52554,,BUILD_OR_DISCOVERY,True,SEE_SEMANTIC_REVIEW_LOG_NOT_INFERRED_FROM_DOWNLOAD
FGV_INDEX_4,https://conhecimento.fgv.br/concursos?page=4,https://conhecimento.fgv.br/concursos?page=4,,,,,2026-10-01T13:44:12.721341+00:00,200,text/html; charset=UTF-8,sources/FGV_INDEX_4.html,8570cd27f8e281cf8c4908419250ca69d35bcfc5efdd39aac086569fe143d1b9,52574,,BUILD_OR_DISCOVERY,True,SEE_SEMANTIC_REVIEW_LOG_NOT_INFERRED_FROM_DOWNLOAD
FGV_INDEX_5,https://conhecimento.fgv.br/concursos?page=5,https://conhecimento.fgv.br/concursos?page=5,,,,,2026-10-01T13:44:12.723719+00:00,200,text/html; charset=UTF-8,sources/FGV_INDEX_5.html,18d2e40f2e2f6e22f27be3809020bbd57419c5db5b9848654a2fcd45117f3b39,52923,,BUILD_OR_DISCOVERY,True,SEE_SEMANTIC_REVIEW_LOG_NOT_INFERRED_FROM_DOWNLOAD
FGV_INDEX_6,https://conhecimento.fgv.br/concursos?page=6,https://conhecimento.fgv.br/concursos?page=6,,,,,2026-10-01T13:44:12.724054+00:00,200,text/html; charset=UTF-8,sources/FGV_INDEX_6.html,a57e2cb1ab8a163c1afb327e910082730f8febb77325768534fc30dcd650c7bf,47690,,BUILD_OR_DISCOVERY,True,SEE_SEMANTIC_REVIEW_LOG_NOT_INFERRED_FROM_DOWNLOAD
FGV_INDEX_7,https://conhecimento.fgv.br/concursos?page=7,https://conhecimento.fgv.br/concursos?page=7,,,,,2026-10-01T13:44:12.724594+00:00,200,text/html; charset=UTF-8,sources/FGV_INDEX_7.html,b3651ee068988f7f874befa47001f1098847bfd447cc81b3ac2719adeea38242,47292,,BUILD_OR_DISCOVERY,True,SEE_SEMANTIC_REVIEW_LOG_NOT_INFERRED_FROM_DOWNLOAD
FGV_INDEX_8,https://conhecimento.fgv.br/concursos?page=8,https://conhecimento.fgv.br/concursos?page=8,,,,,2026-10-01T13:44:12.725120+00:00,200,text/html; charset=UTF-8,sources/FGV_INDEX_8.html,1e76826877a84eb52d3bb6c1ae36db446fe4ad7b9c8635e274741897204ae484,47301,,BUILD_OR_DISCOVERY,True,SEE_SEMANTIC_REVIEW_LOG_NOT_INFERRED_FROM_DOWNLOAD
FGV_INDEX_9,https://conhecimento.fgv.br/concursos?page=9,https://conhecimento.fgv.br/concursos?page=9,,,,,2026-10-01T13:44:19.769657+00:00,200,text/html; charset=UTF-8,sources/FGV_INDEX_9.html,99181be45b738941d64752fad986f404f309a211a8661a754e7c47e8c0da0c92,47450,,BUILD_OR_DISCOVERY,True,SEE_SEMANTIC_REVIEW_LOG_NOT_INFERRED_FROM_DOWNLOAD
FGV_PAGE_001,https://conhecimento.fgv.br/concursos/tjrsjuiz26,https://conhecimento.fgv.br/concursos/tjrsjuiz26,,Concurso Público para o Tribunal de Justiça do Estado do Rio Grande do Sul - Juiz Substituto,,,2026-10-01T13:44:50.308590+00:00,200,text/html; charset=UTF-8,sources/FGV_PAGE_001.html,9680a38696a08a818316b818d1b8fb8ff26bf0049f0800056765f1b0cf1cef48,34180,,BUILD_OR_DISCOVERY,True,SEE_SEMANTIC_REVIEW_LOG_NOT_INFERRED_FROM_DOWNLOAD
FGV_PAGE_002,https://conhecimento.fgv.br/exames/enam/6exame,https://conhecimento.fgv.br/exames/enam/6exame,,Exame Nacional da Magistratura - ENAM (2026.2),,,2026-10-01T13:44:50.309509+00:00,200,text/html; charset=UTF-8,sources/FGV_PAGE_002.html,edf8f84d76eabe50a28f3c520844c9256f9d043c2cd3f7b351ea8343ef651261,37901,,BUILD_OR_DISCOVERY,True,SEE_SEMANTIC_REVIEW_LOG_NOT_INFERRED_FROM_DOWNLOAD
FGV_PAGE_003,https://conhecimento.fgv.br/concursos/trf5juiz26,https://conhecimento.fgv.br/concursos/trf5juiz26,,XVI Concurso Público para provimento de cargos de Juiz Federal Substituto da 5ª Região,,,2026-10-01T13:44:50.310107+00:00,200,text/html; charset=UTF-8,sources/FGV_PAGE_003.html,1433abe15b020ca0b82f53382261efd923f97d7a2d0c399afd6da06c40854c39,38186,,BUILD_OR_DISCOVERY,True,SEE_SEMANTIC_REVIEW_LOG_NOT_INFERRED_FROM_DOWNLOAD
FGV_PAGE_004,https://conhecimento.fgv.br/concursos/pcpr26,https://conhecimento.fgv.br/concursos/pcpr26,,Concurso Público para a Polícia Civil do Estado do Paraná,,,2026-10-01T13:44:50.311328+00:00,200,text/html; charset=UTF-8,sources/FGV_PAGE_004.html,5a43531be64f6f62e1aea653ef112bc26c9a3d9326d24220bcfdb8c98398ceb0,54720,,BUILD_OR_DISCOVERY,True,SEE_SEMANTIC_REVIEW_LOG_NOT_INFERRED_FROM_DOWNLOAD
FGV_PAGE_005,https://conhecimento.fgv.br/concursos/dperj2026,https://conhecimento.fgv.br/concursos/dperj2026,,DPERJ Defensor,,,2026-10-01T13:44:50.313908+00:00,200,text/html; charset=UTF-8,sources/FGV_PAGE_005.html,b2cbd09ebe1c4d69336c071f0e8d7eeb9bb3bcb0a69ecbd97a49f1bfa568d0e4,69781,,BUILD_OR_DISCOVERY,True,SEE_SEMANTIC_REVIEW_LOG_NOT_INFERRED_FROM_DOWNLOAD
FGV_PAGE_005_DOC_23,https://conhecimento.fgv.br/sites/default/files/concursos/gabarito-defintivo-dpe-rj.pdf,https://conhecimento.fgv.br/sites/default/files/concursos/gabarito-defintivo-dpe-rj.pdf,Gabarito Oficial Definitivo da Prova Objetiva,,FGV_PAGE_005,,2026-10-01T13:45:39.034944+00:00,200,application/pdf,sources/FGV_PAGE_005_DOC_23.pdf,200b8505fbfc1964fd65863344fb0735265ef42771b19cc764b9190e60fc89aa,267015,,BUILD_OR_DISCOVERY,True,SEE_SEMANTIC_REVIEW_LOG_NOT_INFERRED_FROM_DOWNLOAD
FGV_PAGE_005_DOC_27,https://conhecimento.fgv.br/sites/default/files/concursos/defensor-publico-do-estado-do-rio-de-janeiro-tipo-1.pdf,https://conhecimento.fgv.br/sites/default/files/concursos/defensor-publico-do-estado-do-rio-de-janeiro-tipo-1.pdf,Tipo 1,,FGV_PAGE_005,,2026-10-01T13:45:39.035528+00:00,200,application/pdf,sources/FGV_PAGE_005_DOC_27.pdf,9a5fde5ddb6144fb011b6628a391bbeb9a97d2ab57017f93372845f96185f43c,1407405,,BUILD_OR_DISCOVERY,True,SEE_SEMANTIC_REVIEW_LOG_NOT_INFERRED_FROM_DOWNLOAD
FGV_PAGE_006,https://conhecimento.fgv.br/concursos/tjpe26,https://conhecimento.fgv.br/concursos/tjpe26,,TJPE Juiz,,,2026-10-01T13:44:50.314400+00:00,200,text/html; charset=UTF-8,sources/FGV_PAGE_006.html,74f989584952fd288d4e561adb043f3470f0374a0ff1cea84083bac229d9d714,64456,,BUILD_OR_DISCOVERY,True,SEE_SEMANTIC_REVIEW_LOG_NOT_INFERRED_FROM_DOWNLOAD
FGV_PAGE_006_DOC_17,https://conhecimento.fgv.br/sites/default/files/concursos/tjpe-gabaritos-para-publicacao_dda5sa3.pdf,https://conhecimento.fgv.br/sites/default/files/concursos/tjpe-gabaritos-para-publicacao_dda5sa3.pdf,Gabarito Oficial Preliminar da Prova Objetiva Seletiva,,FGV_PAGE_006,,2026-10-01T13:51:08.285844+00:00,200,application/pdf,sources/FGV_PAGE_006_DOC_17.pdf,7a406edcf5cd66d6b08963367251ad820afa68cabe744510cdd4564f344c4457,303621,,BUILD_OR_DISCOVERY,True,SEE_SEMANTIC_REVIEW_LOG_NOT_INFERRED_FROM_DOWNLOAD
FGV_PAGE_006_DOC_18,https://conhecimento.fgv.br/sites/default/files/concursos/tjpe-jsub-t1.pdf,https://conhecimento.fgv.br/sites/default/files/concursos/tjpe-jsub-t1.pdf,Tipo 1,,FGV_PAGE_006,,2026-10-01T13:45:39.036060+00:00,200,application/pdf,sources/FGV_PAGE_006_DOC_18.pdf,5b5d448bf6dcf4de4b15d02f3502beb44030635d13304ef4068945bf3f8cfa6e,654202,,BUILD_OR_DISCOVERY,True,SEE_SEMANTIC_REVIEW_LOG_NOT_INFERRED_FROM_DOWNLOAD
FGV_PAGE_007,https://conhecimento.fgv.br/concursos/pgm.niteroi23,https://conhecimento.fgv.br/concursos/pgm.niteroi23,,Concurso Público para a Procuradoria Geral do Município de Niterói,,,2026-10-01T13:44:50.315068+00:00,200,text/html; charset=UTF-8,sources/FGV_PAGE_007.html,ac063804446ba49b6e32d19c66cb2aa659ca51a28cbeb18b5f9f0055163b4871,28024,,BUILD_OR_DISCOVERY,True,SEE_SEMANTIC_REVIEW_LOG_NOT_INFERRED_FROM_DOWNLOAD
FGV_PAGE_008,https://conhecimento.fgv.br/concursos/tjmsjuiz23,https://conhecimento.fgv.br/concursos/tjmsjuiz23,,Concurso Público para o Tribunal de Justiça do Estado de Mato Grosso do Sul - Juiz Substituto,,,2026-10-01T13:44:50.316338+00:00,200,text/html; charset=UTF-8,sources/FGV_PAGE_008.html,922d36597d659b05b6d3ff4028fa1303b348b5c8d436c909f81074649455c298,101120,,BUILD_OR_DISCOVERY,True,SEE_SEMANTIC_REVIEW_LOG_NOT_INFERRED_FROM_DOWNLOAD
FGV_PAGE_010,https://conhecimento.fgv.br/concursos/mpmt,https://conhecimento.fgv.br/concursos/mpmt,,MPMT Promotor,,,2026-10-01T13:44:57.641723+00:00,200,text/html; charset=UTF-8,sources/FGV_PAGE_010.html,936d0c37d799aac343990a2ba4e82a8ba7af2ff816179f1bc4d0da37c8aeb50a,64354,,BUILD_OR_DISCOVERY,True,SEE_SEMANTIC_REVIEW_LOG_NOT_INFERRED_FROM_DOWNLOAD
FGV_PAGE_010_DOC_16,https://conhecimento.fgv.br/sites/default/files/concursos/promotor-de-justica-substituto-grupo-1-cns201-tipo-1.pdf,https://conhecimento.fgv.br/sites/default/files/concursos/promotor-de-justica-substituto-grupo-1-cns201-tipo-1.pdf,Grupo 1,,FGV_PAGE_010,,2026-10-01T13:45:39.036479+00:00,200,application/pdf,sources/FGV_PAGE_010_DOC_16.pdf,3f55b5946b28261b0d3441b68564331c3b265442fcb5a9d4c5b5e6419d8ca149,330202,,BUILD_OR_DISCOVERY,True,SEE_SEMANTIC_REVIEW_LOG_NOT_INFERRED_FROM_DOWNLOAD
FGV_PAGE_010_DOC_17,https://conhecimento.fgv.br/sites/default/files/concursos/promotor-de-justica-substituto-grupo-2-cns202-tipo-1.pdf,https://conhecimento.fgv.br/sites/default/files/concursos/promotor-de-justica-substituto-grupo-2-cns202-tipo-1.pdf,Grupo 2,,FGV_PAGE_010,,2026-10-01T13:45:39.037176+00:00,200,application/pdf,sources/FGV_PAGE_010_DOC_17.pdf,3a7baa453a581e367aa020ae42f1bc72bb6a52d162adb536123285a7ff34965a,291600,,BUILD_OR_DISCOVERY,True,SEE_SEMANTIC_REVIEW_LOG_NOT_INFERRED_FROM_DOWNLOAD
FGV_PAGE_010_DOC_18,https://conhecimento.fgv.br/sites/default/files/concursos/promotor-de-justica-substituto-grupo-3-cns203-tipo-1.pdf,https://conhecimento.fgv.br/sites/default/files/concursos/promotor-de-justica-substituto-grupo-3-cns203-tipo-1.pdf,Grupo 3,,FGV_PAGE_010,,2026-10-01T13:45:39.040386+00:00,200,application/pdf,sources/FGV_PAGE_010_DOC_18.pdf,91d566264d5e0e645cfb93bab875553c42d28498f4bcf34c89a29dc155a7f1a1,307029,,BUILD_OR_DISCOVERY,True,SEE_SEMANTIC_REVIEW_LOG_NOT_INFERRED_FROM_DOWNLOAD
FGV_PAGE_010_DOC_19,https://conhecimento.fgv.br/sites/default/files/concursos/promotor-de-justica-substituto-grupo-4-cns204-tipo-1.pdf,https://conhecimento.fgv.br/sites/default/files/concursos/promotor-de-justica-substituto-grupo-4-cns204-tipo-1.pdf,Grupo 4,,FGV_PAGE_010,,2026-10-01T13:45:39.040865+00:00,200,application/pdf,sources/FGV_PAGE_010_DOC_19.pdf,616f3179e500736cce578826a730eaa6ee7e09e36daa3becb0b8acbf8a8a725b,298761,,BUILD_OR_DISCOVERY,True,SEE_SEMANTIC_REVIEW_LOG_NOT_INFERRED_FROM_DOWNLOAD
FGV_PAGE_010_DOC_28,https://conhecimento.fgv.br/sites/default/files/concursos/mpmt2026-gabaritos-para-publicacao_0.pdf,https://conhecimento.fgv.br/sites/default/files/concursos/mpmt2026-gabaritos-para-publicacao_0.pdf,Gabarito Oficial Definitivo da Prova Objetiva,,FGV_PAGE_010,,2026-10-01T13:45:39.041410+00:00,200,application/pdf,sources/FGV_PAGE_010_DOC_28.pdf,68e45fa6ba2bf112087bdf3edf49b880507a9d6500058af8c0a85098af71a3a4,280590,,BUILD_OR_DISCOVERY,True,SEE_SEMANTIC_REVIEW_LOG_NOT_INFERRED_FROM_DOWNLOAD
FGV_PAGE_010_DOC_33,https://conhecimento.fgv.br/sites/default/files/concursos/promotor-de-justica-substituto-cns100-tipo-1_1.pdf,https://conhecimento.fgv.br/sites/default/files/concursos/promotor-de-justica-substituto-cns100-tipo-1_1.pdf,Tipo 1,,FGV_PAGE_010,,2026-10-01T13:45:45.559014+00:00,200,application/pdf,sources/FGV_PAGE_010_DOC_33.pdf,b47c287584697a1dd6ff266e5eb66618db16c16f2845c89a7423337eacad0a1c,640845,,BUILD_OR_DISCOVERY,True,SEE_SEMANTIC_REVIEW_LOG_NOT_INFERRED_FROM_DOWNLOAD
FGV_PAGE_011,https://conhecimento.fgv.br/concursos/mprjpromotor2026,https://conhecimento.fgv.br/concursos/mprjpromotor2026,,MPRJ XXXIX Promotor,,,2026-10-01T13:44:57.642085+00:00,200,text/html; charset=UTF-8,sources/FGV_PAGE_011.html,cae62bf3a6157c041726e136633df8415d9c48b619b969c985abf0c75fa1e585,110049,,BUILD_OR_DISCOVERY,True,SEE_SEMANTIC_REVIEW_LOG_NOT_INFERRED_FROM_DOWNLOAD
FGV_PAGE_011_DOC_26,https://conhecimento.fgv.br/sites/default/files/concursos/gabarito-4-discursivas-especializadas-1.pdf,https://conhecimento.fgv.br/sites/default/files/concursos/gabarito-4-discursivas-especializadas-1.pdf,Gabarito 4 discursivas especializadas,,FGV_PAGE_011,,2026-10-01T13:45:45.652857+00:00,200,application/pdf,sources/FGV_PAGE_011_DOC_26.pdf,963aacdb1bf896379dc2ec7f148835a5b3be055f529f2acc016d4fc63a034d2b,622468,,BUILD_OR_DISCOVERY,True,SEE_SEMANTIC_REVIEW_LOG_NOT_INFERRED_FROM_DOWNLOAD
FGV_PAGE_011_DOC_33,https://conhecimento.fgv.br/sites/default/files/concursos/mprj-prova-discursiva-caderno-001.pdf,https://conhecimento.fgv.br/sites/default/files/concursos/mprj-prova-discursiva-caderno-001.pdf,"Caderno de Questões Discursivas - Direito Penal, Direito Processual Penal e Legislação Penal Extravagante",,FGV_PAGE_011,,2026-10-01T13:45:45.662313+00:00,200,application/pdf,sources/FGV_PAGE_011_DOC_33.pdf,55c4d3977dc0bf6908e3e12691cbd8c838077d11c79863f428384b7d07b81f50,329454,,BUILD_OR_DISCOVERY,True,SEE_SEMANTIC_REVIEW_LOG_NOT_INFERRED_FROM_DOWNLOAD
FGV_PAGE_011_DOC_67,https://conhecimento.fgv.br/sites/default/files/concursos/22.06-recursos-gabarito-preambular.pdf,https://conhecimento.fgv.br/sites/default/files/concursos/22.06-recursos-gabarito-preambular.pdf,Recursos gabarito preambular,,FGV_PAGE_011,,2026-10-01T13:45:45.685264+00:00,200,application/pdf,sources/FGV_PAGE_011_DOC_67.pdf,30ce6bb837e9ed66e1535b1c8c4d9e91115782f7081848a8ca688ba71916e6a0,98006,,BUILD_OR_DISCOVERY,True,SEE_SEMANTIC_REVIEW_LOG_NOT_INFERRED_FROM_DOWNLOAD
FGV_PAGE_011_DOC_70,https://conhecimento.fgv.br/sites/default/files/concursos/mprj-promotor-2026-gabaritos-para-publicacao.pdf,https://conhecimento.fgv.br/sites/default/files/concursos/mprj-promotor-2026-gabaritos-para-publicacao.pdf,Gabarito Oficial Preliminar da Prova Preambular,,FGV_PAGE_011,,2026-10-01T13:51:08.257938+00:00,200,application/pdf,sources/FGV_PAGE_011_DOC_70.pdf,5a93ae1532e4fb1bebe910363cfa7b0e7911329d0370820cf2d26d10ca30d5d1,281024,,BUILD_OR_DISCOVERY,True,SEE_SEMANTIC_REVIEW_LOG_NOT_INFERRED_FROM_DOWNLOAD
FGV_PAGE_011_DOC_71,https://conhecimento.fgv.br/sites/default/files/concursos/promotor-de-justica-substituto-cns001-tipo-1.pdf,https://conhecimento.fgv.br/sites/default/files/concursos/promotor-de-justica-substituto-cns001-tipo-1.pdf,Tipo 1,,FGV_PAGE_011,,2026-10-01T13:45:45.725088+00:00,200,application/pdf,sources/FGV_PAGE_011_DOC_71.pdf,7c036cd2deb5a8f9704fc9c449bb484ec44d74d31c22cc9ee320be3d852db213,633015,,BUILD_OR_DISCOVERY,True,SEE_SEMANTIC_REVIEW_LOG_NOT_INFERRED_FROM_DOWNLOAD
FGV_PAGE_013,https://conhecimento.fgv.br/exames/enam/5exame,https://conhecimento.fgv.br/exames/enam/5exame,,ENAM 5º Exame,,,2026-10-01T13:44:57.645621+00:00,200,text/html; charset=UTF-8,sources/FGV_PAGE_013.html,fbe096ed2ef4e8f5594e9d672c3385ae9066f7aeb776fb45780c5a0a89fd43a7,76891,,BUILD_OR_DISCOVERY,True,SEE_SEMANTIC_REVIEW_LOG_NOT_INFERRED_FROM_DOWNLOAD
FGV_PAGE_013_DOC_28,https://conhecimento.fgv.br/sites/default/files/concursos/enam-exame-nacional-de-magistratura-2026.1.pdf,https://conhecimento.fgv.br/sites/default/files/concursos/enam-exame-nacional-de-magistratura-2026.1.pdf,Gabarito Oficial Definitivo da Prova Objetiva,,FGV_PAGE_013,,2026-10-01T13:45:46.982510+00:00,200,application/pdf,sources/FGV_PAGE_013_DOC_28.pdf,81c1cbfbcab8df8d6ba0cd2f1ac2950b16cefe6147ed6490af8799b14dbfbba7,127365,,BUILD_OR_DISCOVERY,True,SEE_SEMANTIC_REVIEW_LOG_NOT_INFERRED_FROM_DOWNLOAD
FGV_PAGE_013_DOC_34,https://conhecimento.fgv.br/sites/default/files/concursos/magistratura-cns001-tipo-1.pdf,https://conhecimento.fgv.br/sites/default/files/concursos/magistratura-cns001-tipo-1.pdf,Tipo 1,,FGV_PAGE_013,,2026-10-01T13:45:47.291295+00:00,200,application/pdf,sources/FGV_PAGE_013_DOC_34.pdf,31a6228c7f2ec52358fffb1f6add267ed075ead17d5c3ad37a500d465d084aa4,599159,,BUILD_OR_DISCOVERY,True,SEE_SEMANTIC_REVIEW_LOG_NOT_INFERRED_FROM_DOWNLOAD
FGV_PAGE_014,https://conhecimento.fgv.br/concursos/pgeac,https://conhecimento.fgv.br/concursos/pgeac,,PGE-AC Procurador do Estado,,,2026-10-01T13:44:57.656033+00:00,200,text/html; charset=UTF-8,sources/FGV_PAGE_014.html,41e1a1a88626f6d13e2daa9d10613f7cb5ad6e4846448dc8e461db45ca0cacde,73646,,BUILD_OR_DISCOVERY,True,SEE_SEMANTIC_REVIEW_LOG_NOT_INFERRED_FROM_DOWNLOAD
FGV_PAGE_014_DOC_17,https://conhecimento.fgv.br/sites/default/files/concursos/procurador-do-estado-do-acre-dsc-cns002-tipo-1-1.pdf,https://conhecimento.fgv.br/sites/default/files/concursos/procurador-do-estado-do-acre-dsc-cns002-tipo-1-1.pdf,Prova Escrita Subjetiva,,FGV_PAGE_014,,2026-10-01T13:45:50.718503+00:00,200,application/pdf,sources/FGV_PAGE_014_DOC_17.pdf,507d8fcf0dd8da21b6fd4fcb5390da66c04e98e1e0e7c4434e6689b73cb5ba24,361127,,BUILD_OR_DISCOVERY,True,SEE_SEMANTIC_REVIEW_LOG_NOT_INFERRED_FROM_DOWNLOAD
FGV_PAGE_014_DOC_18,https://conhecimento.fgv.br/sites/default/files/concursos/procurador-do-estado-do-acre-pcp-cns003-tipo-1-1.pdf,https://conhecimento.fgv.br/sites/default/files/concursos/procurador-do-estado-do-acre-pcp-cns003-tipo-1-1.pdf,Peça Processual de Natureza Contenciosa,,FGV_PAGE_014,,2026-10-01T13:45:52.824758+00:00,200,application/pdf,sources/FGV_PAGE_014_DOC_18.pdf,0fc5b7830b2080676edcb6ef19074a733d6e15544e45ae1abedbd42edc151b49,248693,,BUILD_OR_DISCOVERY,True,SEE_SEMANTIC_REVIEW_LOG_NOT_INFERRED_FROM_DOWNLOAD
FGV_PAGE_014_DOC_19,https://conhecimento.fgv.br/sites/default/files/concursos/procurador-do-estado-do-acre-pcj-cns004-tipo-1-1.pdf,https://conhecimento.fgv.br/sites/default/files/concursos/procurador-do-estado-do-acre-pcj-cns004-tipo-1-1.pdf,Parecer de Consultoria Jurídica,,FGV_PAGE_014,,2026-10-01T13:45:52.826303+00:00,200,application/pdf,sources/FGV_PAGE_014_DOC_19.pdf,27a30231d8373126069825815f36b6905dc815c365a6612792991ddb50022358,248655,,BUILD_OR_DISCOVERY,True,SEE_SEMANTIC_REVIEW_LOG_NOT_INFERRED_FROM_DOWNLOAD
FGV_PAGE_014_DOC_28,https://conhecimento.fgv.br/sites/default/files/concursos/gabarito-definitivo-pge-ac.pdf,https://conhecimento.fgv.br/sites/default/files/concursos/gabarito-definitivo-pge-ac.pdf,Gabarito Oficial Definitivo da Prova Objetiva,,FGV_PAGE_014,,2026-10-01T13:45:52.827913+00:00,200,application/pdf,sources/FGV_PAGE_014_DOC_28.pdf,01057df18d8ebfb126adc6eef28a3980aff55c4ea0c667e1a0eff1f3e7cd23e8,265085,,BUILD_OR_DISCOVERY,True,SEE_SEMANTIC_REVIEW_LOG_NOT_INFERRED_FROM_DOWNLOAD
FGV_PAGE_014_DOC_32,https://conhecimento.fgv.br/sites/default/files/concursos/procurador-do-estado-do-acre-cns001-tipo-1.pdf,https://conhecimento.fgv.br/sites/default/files/concursos/procurador-do-estado-do-acre-cns001-tipo-1.pdf,Tipo 1,,FGV_PAGE_014,,2026-10-01T13:45:52.878434+00:00,200,application/pdf,sources/FGV_PAGE_014_DOC_32.pdf,8649b6b30d6e14146c1d7f9ce70ceb31e1156201a01e8de1dffe1ce86435b1b3,596389,,BUILD_OR_DISCOVERY,True,SEE_SEMANTIC_REVIEW_LOG_NOT_INFERRED_FROM_DOWNLOAD
FGV_PAGE_016,https://conhecimento.fgv.br/concursos/pgesc22,https://conhecimento.fgv.br/concursos/pgesc22,,Concurso Público para a Procuradoria-Geral do Estado de Santa Catarina,,,2026-10-01T13:44:57.675276+00:00,200,text/html; charset=UTF-8,sources/FGV_PAGE_016.html,f0745fcc82f8a9282575c963549547eeab58d04fb285b5f8c4c6aca6def00f9c,54200,,BUILD_OR_DISCOVERY,True,SEE_SEMANTIC_REVIEW_LOG_NOT_INFERRED_FROM_DOWNLOAD
FGV_PAGE_017,https://conhecimento.fgv.br/concursos/tjscjuiz22,https://conhecimento.fgv.br/concursos/tjscjuiz22,,Concurso Público para o Tribunal de Justiça do Estado de Santa Catarina - Juiz Substituto,,,2026-10-01T13:44:57.701266+00:00,200,text/html; charset=UTF-8,sources/FGV_PAGE_017.html,aa2f6896053e5af8815c32e6863e12a3971cdac0db31100963437276b174d28e,55108,,BUILD_OR_DISCOVERY,True,SEE_SEMANTIC_REVIEW_LOG_NOT_INFERRED_FROM_DOWNLOAD
FGV_PAGE_019,https://conhecimento.fgv.br/concursos/enam,https://conhecimento.fgv.br/concursos/enam,,Exame Nacional da Magistratura - ENAM,,,2026-10-01T13:44:58.156102+00:00,200,text/html; charset=UTF-8,sources/FGV_PAGE_019.html,314124ec934e941af0512a2b0311f6dba33b5fc729831cc603fbab7fdb8a45c9,103900,,BUILD_OR_DISCOVERY,True,SEE_SEMANTIC_REVIEW_LOG_NOT_INFERRED_FROM_DOWNLOAD
FGV_PAGE_020,https://conhecimento.fgv.br/concursos/tjsc2023,https://conhecimento.fgv.br/concursos/tjsc2023,,Concurso Público para o Tribunal de Justiça do Estado de Santa Catarina - Juiz Substituto,,,2026-10-01T13:44:58.207238+00:00,200,text/html; charset=UTF-8,sources/FGV_PAGE_020.html,742b6a53f1cce1219f36d481da7a8cc85bac4db9ff7d9df9ebdd2c077a71291e,109812,,BUILD_OR_DISCOVERY,True,SEE_SEMANTIC_REVIEW_LOG_NOT_INFERRED_FROM_DOWNLOAD
FGV_PAGE_021,https://conhecimento.fgv.br/concursos/mpgo23,https://conhecimento.fgv.br/concursos/mpgo23,,MPGO Promotor,,,2026-10-01T13:45:04.371462+00:00,200,text/html; charset=UTF-8,sources/FGV_PAGE_021.html,464b5edae4a66722a6af7e2967a3ae97ad2f2034e4ec540a6e67984e2dadc15f,66626,,BUILD_OR_DISCOVERY,True,SEE_SEMANTIC_REVIEW_LOG_NOT_INFERRED_FROM_DOWNLOAD
FGV_PAGE_022,https://conhecimento.fgv.br/concursos/pcsc23,https://conhecimento.fgv.br/concursos/pcsc23,,Concurso Público para a Polícia Civil do Estado de Santa Catarina,,,2026-10-01T13:45:04.382709+00:00,200,text/html; charset=UTF-8,sources/FGV_PAGE_022.html,2857b44cf7651d7aa984816c13edf62b40231aa4ff2455fcadfe1743c5c80ca2,28049,,BUILD_OR_DISCOVERY,True,SEE_SEMANTIC_REVIEW_LOG_NOT_INFERRED_FROM_DOWNLOAD
FGV_PAGE_023,https://conhecimento.fgv.br/concursos/prefsjc-procurador,https://conhecimento.fgv.br/concursos/prefsjc-procurador,,Concurso Público para a Prefeitura de São José dos Campos - Procurador,,,2026-10-01T13:45:04.411071+00:00,200,text/html; charset=UTF-8,sources/FGV_PAGE_023.html,ae0001cb1a6d8d589964d195827b241284942f73fed6af5d674dfbbe0d39a9ea,63484,,BUILD_OR_DISCOVERY,True,SEE_SEMANTIC_REVIEW_LOG_NOT_INFERRED_FROM_DOWNLOAD
FGV_PAGE_024,https://conhecimento.fgv.br/concursos/dpgerj2023,https://conhecimento.fgv.br/concursos/dpgerj2023,,Concurso Público para a Defensoria Pública do Estado do Rio de Janeiro,,,2026-10-01T13:45:04.436525+00:00,200,text/html; charset=UTF-8,sources/FGV_PAGE_024.html,bd65bff1b0e27dcc3b2a874ae860cb9f0b777a4d5e9c89e680c351d66327de3f,116570,,BUILD_OR_DISCOVERY,True,SEE_SEMANTIC_REVIEW_LOG_NOT_INFERRED_FROM_DOWNLOAD
FGV_PAGE_024_EXTRA_78,https://conhecimento.fgv.br/sites/default/files/concursos/dpge-rj-gabaritos-definitivos.pdf,https://conhecimento.fgv.br/sites/default/files/concursos/dpge-rj-gabaritos-definitivos.pdf,Gabarito Oficial Definitivo da Prova Objetiva,,FGV_PAGE_024,,2026-10-01T14:00:34.180162+00:00,200,application/pdf,sources/FGV_PAGE_024_EXTRA_78.pdf,d45ec0ec268f21bc70c380ab6b610e9747e66cf2b2530dca7cffc3019503b8ed,439454,,BUILD_OR_DISCOVERY,True,SEE_SEMANTIC_REVIEW_LOG_NOT_INFERRED_FROM_DOWNLOAD
FGV_PAGE_024_EXTRA_82,https://conhecimento.fgv.br/sites/default/files/concursos/classe-inicial-da-carreira-da-defensoria-publica-do-estado-do-rio-de-janeirodef-rio-tipo-1.pdf,https://conhecimento.fgv.br/sites/default/files/concursos/classe-inicial-da-carreira-da-defensoria-publica-do-estado-do-rio-de-janeirodef-rio-tipo-1.pdf,Tipo 1,,FGV_PAGE_024,,2026-10-01T14:00:34.181706+00:00,200,application/pdf,sources/FGV_PAGE_024_EXTRA_82.pdf,6bed30fd5aad7309b634ac0f268f2b003b1f0c20c85f2becb1e5830bfe1bda32,1125579,,BUILD_OR_DISCOVERY,True,SEE_SEMANTIC_REVIEW_LOG_NOT_INFERRED_FROM_DOWNLOAD
FGV_PAGE_025,https://conhecimento.fgv.br/concursos/dpe-rs2023,https://conhecimento.fgv.br/concursos/dpe-rs2023,,Concurso Público para a Defensoria Pública do Estado do Rio Grande do Sul,,,2026-10-01T13:45:04.454650+00:00,200,text/html; charset=UTF-8,sources/FGV_PAGE_025.html,c73f9ade237113684aaba0565420771daf59cc31e653884a1c754d27ddf6cf83,28191,,BUILD_OR_DISCOVERY,True,SEE_SEMANTIC_REVIEW_LOG_NOT_INFERRED_FROM_DOWNLOAD
FGV_PAGE_026,https://conhecimento.fgv.br/concursos/concursopgmcmrioproc,https://conhecimento.fgv.br/concursos/concursopgmcmrioproc,,PGM/CMRJ Procurador,,,2026-10-01T13:45:04.469779+00:00,200,text/html; charset=UTF-8,sources/FGV_PAGE_026.html,f8128521f07fb928501cb441ff8368108f93b63e03cb57c4515672c9d06bcc41,79016,,BUILD_OR_DISCOVERY,True,SEE_SEMANTIC_REVIEW_LOG_NOT_INFERRED_FROM_DOWNLOAD
FGV_PAGE_027,https://conhecimento.fgv.br/concursos/mpgo25,https://conhecimento.fgv.br/concursos/mpgo25,,Concurso Público para o Ministério Público do Estado de Goiás,,,2026-10-01T13:45:04.470046+00:00,200,text/html; charset=UTF-8,sources/FGV_PAGE_027.html,d5800c84f8e9952c4123220bcf6fa32d216728f1f0a84ee34dd87139e4f1b4b1,72484,,BUILD_OR_DISCOVERY,True,SEE_SEMANTIC_REVIEW_LOG_NOT_INFERRED_FROM_DOWNLOAD
FGV_PAGE_027_DOC_20,https://conhecimento.fgv.br/sites/default/files/concursos/comissaodeconcurso_comunicado-n-09.pdf,https://conhecimento.fgv.br/sites/default/files/concursos/comissaodeconcurso_comunicado-n-09.pdf,COMUNICADO Nº 9 - Gabarito Oficial Definitivo da Prova Preambular,,FGV_PAGE_027,,2026-10-01T13:45:52.939676+00:00,200,application/pdf,sources/FGV_PAGE_027_DOC_20.pdf,943b11ff8a4950420cfa0734b8cd0d7b01b16bc6c38ee5d1634e0c794f93161b,178146,,BUILD_OR_DISCOVERY,True,SEE_SEMANTIC_REVIEW_LOG_NOT_INFERRED_FROM_DOWNLOAD
FGV_PAGE_027_DOC_25,https://conhecimento.fgv.br/sites/default/files/concursos/promotor-de-justica-substituto-cns100-tipo-1_0.pdf,https://conhecimento.fgv.br/sites/default/files/concursos/promotor-de-justica-substituto-cns100-tipo-1_0.pdf,Tipo 1,,FGV_PAGE_027,,2026-10-01T13:45:54.291067+00:00,200,application/pdf,sources/FGV_PAGE_027_DOC_25.pdf,7bd8afca7144436c2fbc6eeeddeccc7535d40e4341c44cef4904bf571b7361b5,612869,,BUILD_OR_DISCOVERY,True,SEE_SEMANTIC_REVIEW_LOG_NOT_INFERRED_FROM_DOWNLOAD
FGV_PAGE_028,https://conhecimento.fgv.br/concursos/pcpi25,https://conhecimento.fgv.br/concursos/pcpi25,,Concurso Público para a Polícia Civil do Estado do Piauí,,,2026-10-01T13:45:04.886175+00:00,200,text/html; charset=UTF-8,sources/FGV_PAGE_028.html,3211b1be569bdba791315ae0c21999b78aad23713d9cb3dd178fff68ad9d9f75,28223,,BUILD_OR_DISCOVERY,True,SEE_SEMANTIC_REVIEW_LOG_NOT_INFERRED_FROM_DOWNLOAD
FGV_PAGE_029,https://conhecimento.fgv.br/concursos/mpes25promotor,https://conhecimento.fgv.br/concursos/mpes25promotor,,Concurso Público para o Ministério Público do Estado do Espírito Santo,,,2026-10-01T13:45:11.089461+00:00,200,text/html; charset=UTF-8,sources/FGV_PAGE_029.html,a7519bd8e81eb371f25ba18fdb64b9973809010327706a0e5b11cf3751180290,108422,,BUILD_OR_DISCOVERY,True,SEE_SEMANTIC_REVIEW_LOG_NOT_INFERRED_FROM_DOWNLOAD
FGV_PAGE_029_DOC_71,https://conhecimento.fgv.br/sites/default/files/concursos/gabarito-definitivo_promotor-de-justica-substituto.pdf,https://conhecimento.fgv.br/sites/default/files/concursos/gabarito-definitivo_promotor-de-justica-substituto.pdf,Gabarito Oficial Definitivo da Prova Objetiva,,FGV_PAGE_029,,2026-10-01T13:45:54.442484+00:00,200,application/pdf,sources/FGV_PAGE_029_DOC_71.pdf,49c0a347c331c6a62e7ecb1f955a4d5a416fcda43d2f75b7198e3c027036edcc,202968,,BUILD_OR_DISCOVERY,True,SEE_SEMANTIC_REVIEW_LOG_NOT_INFERRED_FROM_DOWNLOAD
FGV_PAGE_029_DOC_75,https://conhecimento.fgv.br/sites/default/files/concursos/promotor-de-justica-substituto-cns100-tipo-1.pdf,https://conhecimento.fgv.br/sites/default/files/concursos/promotor-de-justica-substituto-cns100-tipo-1.pdf,Tipo 1,,FGV_PAGE_029,,2026-10-01T13:45:55.344221+00:00,200,application/pdf,sources/FGV_PAGE_029_DOC_75.pdf,ec03246970394b1c1851aab39278f6e69eadb9910056cda764c266b0c82e0b1f,525901,,BUILD_OR_DISCOVERY,True,SEE_SEMANTIC_REVIEW_LOG_NOT_INFERRED_FROM_DOWNLOAD
FGV_PAGE_035,https://conhecimento.fgv.br/exames/enam/4exame,https://conhecimento.fgv.br/exames/enam/4exame,,Exame Nacional da Magistratura - ENAM (2025.2),,,2026-10-01T13:45:11.097111+00:00,200,text/html; charset=UTF-8,sources/FGV_PAGE_035.html,f33817952f88f37bc05cabd77d3263512b9f11cbfe21f5fbed0875df3d022b73,84799,,BUILD_OR_DISCOVERY,True,SEE_SEMANTIC_REVIEW_LOG_NOT_INFERRED_FROM_DOWNLOAD
FGV_PAGE_037,https://conhecimento.fgv.br/concursos/dpe-pe,https://conhecimento.fgv.br/concursos/dpe-pe,,DPE-PE Defensor,,,2026-10-01T13:45:11.103920+00:00,200,text/html; charset=UTF-8,sources/FGV_PAGE_037.html,35c55e008f5eca91b2a2eb818bca3b64b77fce1cc5683992cd38c1c5aada0f88,118963,,BUILD_OR_DISCOVERY,True,SEE_SEMANTIC_REVIEW_LOG_NOT_INFERRED_FROM_DOWNLOAD
FGV_PAGE_041,https://conhecimento.fgv.br/concursos/dpero25,https://conhecimento.fgv.br/concursos/dpero25,,Concurso Público para a Defensoria Pública do Estado de Rondônia,,,2026-10-01T13:45:11.114508+00:00,200,text/html; charset=UTF-8,sources/FGV_PAGE_041.html,4a79de3966cd24e519310163a9f8daa89a8e21dfb108435207cfbaa39d89f580,101971,,BUILD_OR_DISCOVERY,True,SEE_SEMANTIC_REVIEW_LOG_NOT_INFERRED_FROM_DOWNLOAD
FGV_PAGE_042,https://conhecimento.fgv.br/exames/enam/3exame,https://conhecimento.fgv.br/exames/enam/3exame,,Exame Nacional da Magistratura - ENAM (2025.1),,,2026-10-01T13:45:11.126301+00:00,200,text/html; charset=UTF-8,sources/FGV_PAGE_042.html,516eeac05e5265ca5bff2c3cd19a4bb40ca37e11e90ae14804208ff297b57c78,76599,,BUILD_OR_DISCOVERY,True,SEE_SEMANTIC_REVIEW_LOG_NOT_INFERRED_FROM_DOWNLOAD
FGV_PAGE_044,https://conhecimento.fgv.br/concursos/tjscjuiz25,https://conhecimento.fgv.br/concursos/tjscjuiz25,,TJSC Juiz,,,2026-10-01T13:45:11.152909+00:00,200,text/html; charset=UTF-8,sources/FGV_PAGE_044.html,84af7641ce71cc9ccbce74b854c06aa2aa43a820d2c7b9a4f20d3d82cc358a52,117969,,BUILD_OR_DISCOVERY,True,SEE_SEMANTIC_REVIEW_LOG_NOT_INFERRED_FROM_DOWNLOAD
FGV_PAGE_044_EXTRA_62,https://conhecimento.fgv.br/sites/default/files/concursos/gabarito-definitivo-prova-objetiva-seletiva-ed.-11-2025-magistratura-tjsc.pdf,https://conhecimento.fgv.br/sites/default/files/concursos/gabarito-definitivo-prova-objetiva-seletiva-ed.-11-2025-magistratura-tjsc.pdf,Gabarito Oficial Definitivo da Prova Objetiva Seletiva,,FGV_PAGE_044,,2026-10-01T14:00:34.183032+00:00,200,application/pdf,sources/FGV_PAGE_044_EXTRA_62.pdf,2b38a66d0db1a4b1f3375cf5b849d7a25f38d92d3f595c2652cd481f408c76af,480344,,BUILD_OR_DISCOVERY,True,SEE_SEMANTIC_REVIEW_LOG_NOT_INFERRED_FROM_DOWNLOAD
FGV_PAGE_044_EXTRA_68,https://conhecimento.fgv.br/sites/default/files/concursos/juiz-substitutojuizsubstituto-tipo-1_0.pdf,https://conhecimento.fgv.br/sites/default/files/concursos/juiz-substitutojuizsubstituto-tipo-1_0.pdf,Tipo 1,,FGV_PAGE_044,,2026-10-01T14:00:34.184540+00:00,200,application/pdf,sources/FGV_PAGE_044_EXTRA_68.pdf,06a726af6170c2d71947b6aa3a8cbed628a9f5d6d087de5251347ce842fe1828,558057,,BUILD_OR_DISCOVERY,True,SEE_SEMANTIC_REVIEW_LOG_NOT_INFERRED_FROM_DOWNLOAD
FGV_PAGE_046,https://conhecimento.fgv.br/concursos/tjse24,https://conhecimento.fgv.br/concursos/tjse24,,Concurso Público para o Tribunal de Justiça do Estado de Sergipe - Juiz Substituto,,,2026-10-01T13:45:11.231868+00:00,200,text/html; charset=UTF-8,sources/FGV_PAGE_046.html,6d10e13aaedb57bd3dbd076e050ff2c4431c38cbdb11a76955bf33fe68d52c99,121109,,BUILD_OR_DISCOVERY,True,SEE_SEMANTIC_REVIEW_LOG_NOT_INFERRED_FROM_DOWNLOAD
FGV_PAGE_052,https://conhecimento.fgv.br/concursos/pcmg24,https://conhecimento.fgv.br/concursos/pcmg24,,Concurso Público para a Polícia Civil de Minas Gerais,,,2026-10-01T13:45:11.674939+00:00,200,text/html; charset=UTF-8,sources/FGV_PAGE_052.html,c4ca7371416ed7134592769b303d531b12d5acdca272d4e5cf5de2d6cf4eff3b,28384,,BUILD_OR_DISCOVERY,True,SEE_SEMANTIC_REVIEW_LOG_NOT_INFERRED_FROM_DOWNLOAD
FGV_PAGE_053,https://conhecimento.fgv.br/concursos/tjpe24,https://conhecimento.fgv.br/concursos/tjpe24,,Concurso Público para o Tribunal de Justiça do Estado de Pernambuco - Juiz Substituto,,,2026-10-01T13:45:17.872056+00:00,200,text/html; charset=UTF-8,sources/FGV_PAGE_053.html,7e4d5e9f482359170cc83e5c4537bbabb24dce72773cdfd20be2b430a87b2a97,118794,,BUILD_OR_DISCOVERY,True,SEE_SEMANTIC_REVIEW_LOG_NOT_INFERRED_FROM_DOWNLOAD
FGV_PAGE_054,https://conhecimento.fgv.br/concursos/tjscjuiz24,https://conhecimento.fgv.br/concursos/tjscjuiz24,,Concurso Público para o Tribunal de Justiça do Estado de Santa Catarina - Juiz Substituto (2024),,,2026-10-01T13:45:17.878655+00:00,200,text/html; charset=UTF-8,sources/FGV_PAGE_054.html,2843526dc8fafd61c6c3bffe550f3747aac83681881f9d319699daefff8d2457,117573,,BUILD_OR_DISCOVERY,True,SEE_SEMANTIC_REVIEW_LOG_NOT_INFERRED_FROM_DOWNLOAD
FGV_PAGE_066,https://conhecimento.fgv.br/concursos/mprjpromotor2025,https://conhecimento.fgv.br/concursos/mprjpromotor2025,,MPRJ XXXVIII Promotor,,,2026-10-01T13:45:17.882579+00:00,200,text/html; charset=UTF-8,sources/FGV_PAGE_066.html,f648e8487e53ba9a9b4a38e6fec66dbf8ac662a54fe219b231c1044ce51bff04,137671,,BUILD_OR_DISCOVERY,True,SEE_SEMANTIC_REVIEW_LOG_NOT_INFERRED_FROM_DOWNLOAD
FGV_PAGE_067,https://conhecimento.fgv.br/exames/enam/2exame,https://conhecimento.fgv.br/exames/enam/2exame,,Exame Nacional da Magistratura - ENAM (2024.2),,,2026-10-01T13:45:17.933950+00:00,200,text/html; charset=UTF-8,sources/FGV_PAGE_067.html,1adb39502208fd1075ea5c179af9b46b4bc1da6f161b88751d4b1f769379e9eb,88123,,BUILD_OR_DISCOVERY,True,SEE_SEMANTIC_REVIEW_LOG_NOT_INFERRED_FROM_DOWNLOAD
FGV_PAGE_068,https://conhecimento.fgv.br/concursos/pcpi25/1,https://conhecimento.fgv.br/concursos/pcpi25/1,,PC-PI Delegado,,,2026-10-01T13:45:17.944204+00:00,200,text/html; charset=UTF-8,sources/FGV_PAGE_068.html,e5e9dca073be632ee9bcfa17e9a20ce2c8410e4f829969475e291eaae7692521,111105,,BUILD_OR_DISCOVERY,True,SEE_SEMANTIC_REVIEW_LOG_NOT_INFERRED_FROM_DOWNLOAD
FGV_PAGE_068_EXTRA_64,https://conhecimento.fgv.br/sites/default/files/concursos/pcpi-delegado-gabarito-definitivo.pdf,https://conhecimento.fgv.br/sites/default/files/concursos/pcpi-delegado-gabarito-definitivo.pdf,Gabarito Oficial Definitivo da Prova Objetiva,,FGV_PAGE_068,,2026-10-01T14:00:34.177513+00:00,200,application/pdf,sources/FGV_PAGE_068_EXTRA_64.pdf,95fcf8d73cdb3536788e431c921fb8e110c035a294a919e338ef070c0409af2b,324819,,BUILD_OR_DISCOVERY,True,SEE_SEMANTIC_REVIEW_LOG_NOT_INFERRED_FROM_DOWNLOAD
FGV_PAGE_068_EXTRA_70,https://conhecimento.fgv.br/sites/default/files/concursos/delegado-de-policia-cns100-tipo-1.pdf,https://conhecimento.fgv.br/sites/default/files/concursos/delegado-de-policia-cns100-tipo-1.pdf,Tipo 1,,FGV_PAGE_068,,2026-10-01T14:00:34.178077+00:00,200,application/pdf,sources/FGV_PAGE_068_EXTRA_70.pdf,e466ffa704b6019ec72708b900b07315523db18663fb09a5866b4c0802b110f8,586046,,BUILD_OR_DISCOVERY,True,SEE_SEMANTIC_REVIEW_LOG_NOT_INFERRED_FROM_DOWNLOAD
FGV_PAGE_069,https://conhecimento.fgv.br/concursos/pcmg24/01,https://conhecimento.fgv.br/concursos/pcmg24/01,,PC-MG Delegado,,,2026-10-01T13:45:17.954772+00:00,200,text/html; charset=UTF-8,sources/FGV_PAGE_069.html,f09a119ff63abf21cc56d915fcb291027620f25a4df9bbcedf45ac271d312d4b,155845,,BUILD_OR_DISCOVERY,True,SEE_SEMANTIC_REVIEW_LOG_NOT_INFERRED_FROM_DOWNLOAD
FGV_PAGE_070,https://conhecimento.fgv.br/concursos/pcsc23/1,https://conhecimento.fgv.br/concursos/pcsc23/1,,PC-SC Delegado,,,2026-10-01T13:45:18.005132+00:00,200,text/html; charset=UTF-8,sources/FGV_PAGE_070.html,c890accf6675cc28a04df09b961fbba733550e8c69c8205d3c6898d9e2f59786,145044,,BUILD_OR_DISCOVERY,True,SEE_SEMANTIC_REVIEW_LOG_NOT_INFERRED_FROM_DOWNLOAD
FGV_PAGE_070_EXTRA_121,https://conhecimento.fgv.br/sites/default/files/concursos/pcscdelegado2024_gabarito_definitivo_20240220.pdf,https://conhecimento.fgv.br/sites/default/files/concursos/pcscdelegado2024_gabarito_definitivo_20240220.pdf,Gabarito Oficial Definitivo da Prova Objetiva,,FGV_PAGE_070,,2026-10-01T14:00:34.178718+00:00,200,application/pdf,sources/FGV_PAGE_070_EXTRA_121.pdf,f634b847fa4c0b754c2d4259fc19fa9b03a465594c23274282c07a0f58073d5c,561780,,BUILD_OR_DISCOVERY,True,SEE_SEMANTIC_REVIEW_LOG_NOT_INFERRED_FROM_DOWNLOAD
FGV_PAGE_070_EXTRA_126,https://conhecimento.fgv.br/sites/default/files/concursos/delegado-objetivacns100-tipo-1.pdf,https://conhecimento.fgv.br/sites/default/files/concursos/delegado-objetivacns100-tipo-1.pdf,Tipo 1,,FGV_PAGE_070,,2026-10-01T14:00:34.179145+00:00,200,application/pdf,sources/FGV_PAGE_070_EXTRA_126.pdf,8dc6b30dcf3cc415cae4d486cfbef8d11bf5312abe68e694fd1e8742b4850e6d,1213772,,BUILD_OR_DISCOVERY,True,SEE_SEMANTIC_REVIEW_LOG_NOT_INFERRED_FROM_DOWNLOAD
FGV_PAGE_071,https://conhecimento.fgv.br/concursos/tjpr25,https://conhecimento.fgv.br/concursos/tjpr25,,TJPR Juiz,,,2026-10-01T13:45:18.424311+00:00,200,text/html; charset=UTF-8,sources/FGV_PAGE_071.html,8aa156e68b03c7bc50a186af07df9665c604e20e97f8c065c71926a7f1521dd0,106391,,BUILD_OR_DISCOVERY,True,SEE_SEMANTIC_REVIEW_LOG_NOT_INFERRED_FROM_DOWNLOAD
FGV_PAGE_071_DOC_57,https://conhecimento.fgv.br/sites/default/files/concursos/edital-gabarito-definitivo.pdf,https://conhecimento.fgv.br/sites/default/files/concursos/edital-gabarito-definitivo.pdf,Gabarito Definitivo,,FGV_PAGE_071,,2026-10-01T13:45:59.156162+00:00,200,application/pdf,sources/FGV_PAGE_071_DOC_57.pdf,b24959cdab6a069e05086fbadf627dde7d7e50db678ea169b593de514daf001a,69230,,BUILD_OR_DISCOVERY,True,SEE_SEMANTIC_REVIEW_LOG_NOT_INFERRED_FROM_DOWNLOAD
FGV_PAGE_071_DOC_63,https://conhecimento.fgv.br/sites/default/files/concursos/juiz-substituto-cns001-tipo-1_0.pdf,https://conhecimento.fgv.br/sites/default/files/concursos/juiz-substituto-cns001-tipo-1_0.pdf,Tipo 1,,FGV_PAGE_071,,2026-10-01T13:45:59.175494+00:00,200,application/pdf,sources/FGV_PAGE_071_DOC_63.pdf,7239b33710aa338bc7357859de56624726844c0a94c0279fbcc78a4bc510f86e,611990,,BUILD_OR_DISCOVERY,True,SEE_SEMANTIC_REVIEW_LOG_NOT_INFERRED_FROM_DOWNLOAD
FGV_PAGE_072,https://conhecimento.fgv.br/juiztjba,https://conhecimento.fgv.br/juiztjba,,TJBA Juiz,,,2026-10-01T13:45:24.809566+00:00,200,text/html; charset=UTF-8,sources/FGV_PAGE_072.html,71d4fc07fa94bbc2d9e7e19924e6a3727a0877ed217669e323a1938504743d90,74521,,BUILD_OR_DISCOVERY,True,SEE_SEMANTIC_REVIEW_LOG_NOT_INFERRED_FROM_DOWNLOAD
FGV_PAGE_072_DOC_32,https://conhecimento.fgv.br/sites/default/files/concursos/gabarito-definitivo-tjba-juiz-substituto.pdf,https://conhecimento.fgv.br/sites/default/files/concursos/gabarito-definitivo-tjba-juiz-substituto.pdf,Gabarito Oficial Definitivo da Prova Objetiva Seletiva,,FGV_PAGE_072,,2026-10-01T13:46:00.015612+00:00,200,application/pdf,sources/FGV_PAGE_072_DOC_32.pdf,bdf0dae3855a6727695e3f2331d13c4133a941108a601e7ec1dd949e8d5df7e9,195883,,BUILD_OR_DISCOVERY,True,SEE_SEMANTIC_REVIEW_LOG_NOT_INFERRED_FROM_DOWNLOAD
FGV_PAGE_072_DOC_36,https://conhecimento.fgv.br/sites/default/files/concursos/tjba-2026-juiz-substituto-tipo-1.pdf,https://conhecimento.fgv.br/sites/default/files/concursos/tjba-2026-juiz-substituto-tipo-1.pdf,Tipo 1,,FGV_PAGE_072,,2026-10-01T13:46:00.535598+00:00,200,application/pdf,sources/FGV_PAGE_072_DOC_36.pdf,dde6f891e410e80728a1798a264c751db812a281c5585b126a3b2a9f977323f2,628281,,BUILD_OR_DISCOVERY,True,SEE_SEMANTIC_REVIEW_LOG_NOT_INFERRED_FROM_DOWNLOAD
FGV_PAGE_073,https://conhecimento.fgv.br/concursos/tjmsjuiz25,https://conhecimento.fgv.br/concursos/tjmsjuiz25,,TJMS Juiz,,,2026-10-01T13:45:24.825787+00:00,200,text/html; charset=UTF-8,sources/FGV_PAGE_073.html,7fa90a3130c033b091c34a9a844098fa8ff5e3ea83735b1741f059d6b26af91e,85786,,BUILD_OR_DISCOVERY,True,SEE_SEMANTIC_REVIEW_LOG_NOT_INFERRED_FROM_DOWNLOAD
FGV_PAGE_074,https://conhecimento.fgv.br/concursos/tjce25,https://conhecimento.fgv.br/concursos/tjce25,,TJCE Juiz,,,2026-10-01T13:45:24.835411+00:00,200,text/html; charset=UTF-8,sources/FGV_PAGE_074.html,2a629892871c66be21472b7317b527362aa3d04096902ec47eb8d5d048ae27f9,95578,,BUILD_OR_DISCOVERY,True,SEE_SEMANTIC_REVIEW_LOG_NOT_INFERRED_FROM_DOWNLOAD
FGV_PAGE_075,https://conhecimento.fgv.br/concursos/trf1juiz25,https://conhecimento.fgv.br/concursos/trf1juiz25,,TRF1 Juiz Federal,,,2026-10-01T13:45:24.889659+00:00,200,text/html; charset=UTF-8,sources/FGV_PAGE_075.html,add44c63bb314d33c13a72cee833c53fe87e55dc78140b559e649c0b9aeb062b,89941,,BUILD_OR_DISCOVERY,True,SEE_SEMANTIC_REVIEW_LOG_NOT_INFERRED_FROM_DOWNLOAD
FGV_PAGE_075_DOC_50,https://conhecimento.fgv.br/sites/default/files/concursos/trf1_gabarito_definitivo.pdf,https://conhecimento.fgv.br/sites/default/files/concursos/trf1_gabarito_definitivo.pdf,Gabarito Oficial Definitivo da Prova Objetiva Seletiva,,FGV_PAGE_075,,2026-10-01T13:46:00.811050+00:00,200,application/pdf,sources/FGV_PAGE_075_DOC_50.pdf,747ec24596b61fe397e4dd0ab5aa78308bb8d98ebdaa4a08dce0c7e661c296af,192672,,BUILD_OR_DISCOVERY,True,SEE_SEMANTIC_REVIEW_LOG_NOT_INFERRED_FROM_DOWNLOAD
FGV_PAGE_075_DOC_56,https://conhecimento.fgv.br/sites/default/files/concursos/trf1-t1.pdf,https://conhecimento.fgv.br/sites/default/files/concursos/trf1-t1.pdf,Tipo 1,,FGV_PAGE_075,,2026-10-01T13:46:00.839859+00:00,200,application/pdf,sources/FGV_PAGE_075_DOC_56.pdf,efbf2a3bb1c26a6ff32dfb8076bbd03b95299117dd68675c9004f76f415365ff,577607,,BUILD_OR_DISCOVERY,True,SEE_SEMANTIC_REVIEW_LOG_NOT_INFERRED_FROM_DOWNLOAD
FGV_PAGE_076,https://conhecimento.fgv.br/concursos/trf2juiz,https://conhecimento.fgv.br/concursos/trf2juiz,,TRF2 Juiz Federal,,,2026-10-01T13:45:24.909290+00:00,200,text/html; charset=UTF-8,sources/FGV_PAGE_076.html,b92aa536db4b3aa97f3e1683c518744a6c7cbde4cea156649a7554b38b8d043d,76297,,BUILD_OR_DISCOVERY,True,SEE_SEMANTIC_REVIEW_LOG_NOT_INFERRED_FROM_DOWNLOAD
FGV_PAGE_076_DOC_29,https://conhecimento.fgv.br/sites/default/files/concursos/gabarito-definitivo-trf2-juiz-substituto-v2.pdf,https://conhecimento.fgv.br/sites/default/files/concursos/gabarito-definitivo-trf2-juiz-substituto-v2.pdf,Gabarito Oficial Definitivo da Prova Objetiva Seletiva (retificado em 06/05/2026),,FGV_PAGE_076,,2026-10-01T13:46:01.343938+00:00,200,application/pdf,sources/FGV_PAGE_076_DOC_29.pdf,4a6a4f0abebe2d11b3faa1af0f82a7d01ae18d3e71955ba4f559f1a397c3fe28,185787,,BUILD_OR_DISCOVERY,True,SEE_SEMANTIC_REVIEW_LOG_NOT_INFERRED_FROM_DOWNLOAD
FGV_PAGE_076_DOC_33,https://conhecimento.fgv.br/sites/default/files/concursos/juiz-federal-substituto-da-2a-regiao-cns100-tipo-1.pdf,https://conhecimento.fgv.br/sites/default/files/concursos/juiz-federal-substituto-da-2a-regiao-cns100-tipo-1.pdf,Tipo 1,,FGV_PAGE_076,,2026-10-01T13:46:02.353608+00:00,200,application/pdf,sources/FGV_PAGE_076_DOC_33.pdf,cbd7c75934e337c80ddaa1576cf7db9bb258536be045f9c33a079eec62117e01,654067,,BUILD_OR_DISCOVERY,True,SEE_SEMANTIC_REVIEW_LOG_NOT_INFERRED_FROM_DOWNLOAD
FGV_PAGE_077,https://conhecimento.fgv.br/concursos/trf3juiz,https://conhecimento.fgv.br/concursos/trf3juiz,,TRF3 Juiz Federal,,,2026-10-01T13:45:24.909826+00:00,200,text/html; charset=UTF-8,sources/FGV_PAGE_077.html,98f78c65286abba48f209853b1a3cff067c8cecc1c91ef3c334210b8031b75ce,79174,,BUILD_OR_DISCOVERY,True,SEE_SEMANTIC_REVIEW_LOG_NOT_INFERRED_FROM_DOWNLOAD
FGV_PAGE_078,https://conhecimento.fgv.br/concursos/trf5juiz,https://conhecimento.fgv.br/concursos/trf5juiz,,TRF5 Juiz Federal,,,2026-10-01T13:45:24.933165+00:00,200,text/html; charset=UTF-8,sources/FGV_PAGE_078.html,85ff0b400b4e7885f8682a094cbfbc8b8d27bf7f46d62cad909680a596c06708,89150,,BUILD_OR_DISCOVERY,True,SEE_SEMANTIC_REVIEW_LOG_NOT_INFERRED_FROM_DOWNLOAD
FGV_PAGE_079,https://conhecimento.fgv.br/concursos/prefvitoria/4,https://conhecimento.fgv.br/concursos/prefvitoria/4,,Procurador Municipal Vitória,,,2026-10-01T13:45:24.932932+00:00,200,text/html; charset=UTF-8,sources/FGV_PAGE_079.html,cc55bf9e2b11dae4dfe6dbd5ee6afb524428e81ce50fc3c55b1e542f2a1e839c,89274,,BUILD_OR_DISCOVERY,True,SEE_SEMANTIC_REVIEW_LOG_NOT_INFERRED_FROM_DOWNLOAD
FGV_PAGE_080,https://conhecimento.fgv.br/concursos/alerj2025/2,https://conhecimento.fgv.br/concursos/alerj2025/2,,ALERJ Procurador Legislativo,,,2026-10-01T13:45:31.664752+00:00,200,text/html; charset=UTF-8,sources/FGV_PAGE_080.html,86dc899eb59e63cf3632eafb1200ae953b963ee8389dfdff45449350fbed3a8d,84722,,BUILD_OR_DISCOVERY,True,SEE_SEMANTIC_REVIEW_LOG_NOT_INFERRED_FROM_DOWNLOAD
FGV_PAGE_080_DOC_49,https://conhecimento.fgv.br/sites/default/files/concursos/procurador-alerj-gabarito-definitivo.pdf,https://conhecimento.fgv.br/sites/default/files/concursos/procurador-alerj-gabarito-definitivo.pdf,Gabarito Oficial Definitivo da Prova Objetiva,,FGV_PAGE_080,,2026-10-01T13:46:05.630546+00:00,200,application/pdf,sources/FGV_PAGE_080_DOC_49.pdf,306ac9830c56097f8256aeac7da729bd8d2544a90f4736b53f065b8e90a1194a,259508,,BUILD_OR_DISCOVERY,True,SEE_SEMANTIC_REVIEW_LOG_NOT_INFERRED_FROM_DOWNLOAD
FGV_PAGE_080_DOC_54,https://conhecimento.fgv.br/sites/default/files/concursos/procurador-legislativo-1-cns301-tipo-1.pdf,https://conhecimento.fgv.br/sites/default/files/concursos/procurador-legislativo-1-cns301-tipo-1.pdf,Tipo 1,,FGV_PAGE_080,,2026-10-01T13:46:05.635382+00:00,200,application/pdf,sources/FGV_PAGE_080_DOC_54.pdf,70abc9067e645651932286ec17a3bafe95f3c87a097af35e5ea7b11d37f25522,565945,,BUILD_OR_DISCOVERY,True,SEE_SEMANTIC_REVIEW_LOG_NOT_INFERRED_FROM_DOWNLOAD
HELDOUT_CEB_AGU_2023_ORAL_P6,https://cdn.cebraspe.org.br/concursos/AGU_22_PROCURADOR_FEDERAL/arquivos/910_MALOTE06_AGU_ORAL_COMPADRAO.PDF,https://cdn.cebraspe.org.br/concursos/AGU_22_PROCURADOR_FEDERAL/arquivos/910_MALOTE06_AGU_ORAL_COMPADRAO.PDF,PROVA ORAL - PONTO 6,,CEB_AGU_22_PROCURADOR_FEDERAL,,2026-10-01T14:07:43.803635+00:00,200,application/pdf,sources/HELDOUT_CEB_AGU_2023_ORAL_P6.pdf,c1a8b7c66676b076298e14ee92613a4551b1458c8780293a4e631504081bfdf7,135664,,HELD_OUT,True,SEE_SEMANTIC_REVIEW_LOG_NOT_INFERRED_FROM_DOWNLOAD
HELDOUT_FGV_PAGE_037_71,https://conhecimento.fgv.br/sites/default/files/concursos/defensor-publico.pdf,https://conhecimento.fgv.br/sites/default/files/concursos/defensor-publico.pdf,Gabarito Oficial Definitivo da Prova Objetiva,,FGV_PAGE_037,,2026-10-01T13:48:31.377299+00:00,200,application/pdf,sources/HELDOUT_FGV_PAGE_037_71.pdf,010432238bbc6a496ccbc80f728f4c7e992c2576c47a45603a222f7cbda54ae8,185324,,HELD_OUT,True,SEE_SEMANTIC_REVIEW_LOG_NOT_INFERRED_FROM_DOWNLOAD
HELDOUT_FGV_PAGE_037_75,https://conhecimento.fgv.br/sites/default/files/concursos/defensor-publicocns100-tipo-1.pdf,https://conhecimento.fgv.br/sites/default/files/concursos/defensor-publicocns100-tipo-1.pdf,Tipo 1,,FGV_PAGE_037,,2026-10-01T13:48:31.377873+00:00,200,application/pdf,sources/HELDOUT_FGV_PAGE_037_75.pdf,f42e646b3ddda8da67063541fda7a255c49a7dd41b29eb7836b0d6563bb99146,652019,,HELD_OUT,True,SEE_SEMANTIC_REVIEW_LOG_NOT_INFERRED_FROM_DOWNLOAD
HELDOUT_FGV_PAGE_041_54,https://conhecimento.fgv.br/sites/default/files/concursos/gabarito-defintivo-dpe-ro_0.pdf,https://conhecimento.fgv.br/sites/default/files/concursos/gabarito-defintivo-dpe-ro_0.pdf,Gabarito Oficial Definitivo da Prova Objetiva,,FGV_PAGE_041,,2026-10-01T13:47:52.383832+00:00,200,application/pdf,sources/HELDOUT_FGV_PAGE_041_54.pdf,62a6d294a9ccf30e1348e4b8650ad6159fa8b95f9773beeb07e959608dd52a1e,537768,,HELD_OUT,True,SEE_SEMANTIC_REVIEW_LOG_NOT_INFERRED_FROM_DOWNLOAD
HELDOUT_FGV_PAGE_041_58,https://conhecimento.fgv.br/sites/default/files/concursos/tecnico-administrativo-classe-acnm001-tipo-1.pdf,https://conhecimento.fgv.br/sites/default/files/concursos/tecnico-administrativo-classe-acnm001-tipo-1.pdf,Tipo 1,,FGV_PAGE_041,,2026-10-01T13:47:52.384474+00:00,200,application/pdf,sources/HELDOUT_FGV_PAGE_041_58.pdf,d6f5991d9f23faa9ae3e46d33c4370e0edb2c2e62b4b21ab61d79917ec07207c,415368,,HELD_OUT,True,SEE_SEMANTIC_REVIEW_LOG_NOT_INFERRED_FROM_DOWNLOAD
HELDOUT_FGV_PAGE_041_62,https://conhecimento.fgv.br/sites/default/files/concursos/tecnico-em-informatica-classe-acnm002-tipo-1.pdf,https://conhecimento.fgv.br/sites/default/files/concursos/tecnico-em-informatica-classe-acnm002-tipo-1.pdf,Tipo 1,,FGV_PAGE_041,,2026-10-01T13:47:52.384916+00:00,200,application/pdf,sources/HELDOUT_FGV_PAGE_041_62.pdf,7bca85e18252e169c8c92198b814c54e6e8ab32264bbe91d2211faffa909657f,464928,,HELD_OUT,True,SEE_SEMANTIC_REVIEW_LOG_NOT_INFERRED_FROM_DOWNLOAD
HELDOUT_FGV_PAGE_041_68,https://conhecimento.fgv.br/sites/default/files/concursos/analista-em-administracao-classe-acns001-tipo-1.pdf,https://conhecimento.fgv.br/sites/default/files/concursos/analista-em-administracao-classe-acns001-tipo-1.pdf,Tipo 1,,FGV_PAGE_041,,2026-10-01T13:47:52.385600+00:00,200,application/pdf,sources/HELDOUT_FGV_PAGE_041_68.pdf,f2584a1bb54b03f83ec9685a17622e5aad9b7a3549e3a09034906f7d7b30d4a6,443744,,HELD_OUT,True,SEE_SEMANTIC_REVIEW_LOG_NOT_INFERRED_FROM_DOWNLOAD
HELDOUT_FGV_PAGE_041_70,https://conhecimento.fgv.br/sites/default/files/concursos/analista-juridico-classe-acns002-tipo-1.pdf,https://conhecimento.fgv.br/sites/default/files/concursos/analista-juridico-classe-acns002-tipo-1.pdf,Tipo 1,,FGV_PAGE_041,,2026-10-01T13:47:52.387078+00:00,200,application/pdf,sources/HELDOUT_FGV_PAGE_041_70.pdf,3175144b04ec676f69389fd0cc6fa0cc6adc4698020af719e6d526a36bd082d5,463606,,HELD_OUT,True,SEE_SEMANTIC_REVIEW_LOG_NOT_INFERRED_FROM_DOWNLOAD
HELDOUT_FGV_PAGE_054_60,https://conhecimento.fgv.br/sites/default/files/concursos/tjscjuizsub2024_gabarito_definitivov2.pdf,https://conhecimento.fgv.br/sites/default/files/concursos/tjscjuizsub2024_gabarito_definitivov2.pdf,Gabarito Oficial Definitivo da Prova Objetiva Seletiva (retificado em 14/11/2024),,FGV_PAGE_054,,2026-10-01T13:47:52.388949+00:00,200,application/pdf,sources/HELDOUT_FGV_PAGE_054_60.pdf,2c876e34516ce707b439f2ab0c45334232ff1ec561cf37d2cd20bd6964362a38,195668,,HELD_OUT,True,SEE_SEMANTIC_REVIEW_LOG_NOT_INFERRED_FROM_DOWNLOAD
HELDOUT_FGV_PAGE_054_65,https://conhecimento.fgv.br/sites/default/files/concursos/juiz-substitutojz-subst-tipo-1.pdf,https://conhecimento.fgv.br/sites/default/files/concursos/juiz-substitutojz-subst-tipo-1.pdf,Tipo 1,,FGV_PAGE_054,,2026-10-01T13:47:52.389625+00:00,200,application/pdf,sources/HELDOUT_FGV_PAGE_054_65.pdf,0807f919b54484c7bf3a01ad1e83c6c3c7e831bcc7c150df0a5d3c1cb854ab02,560295,,HELD_OUT,True,SEE_SEMANTIC_REVIEW_LOG_NOT_INFERRED_FROM_DOWNLOAD
MPF_30,https://www.mpf.mp.br/o-mpf/concursos/concursos-de-procuradores/concursos-anteriores/30-concurso,https://www.mpf.mp.br/o-mpf/concursos/concursos-de-procuradores/concursos-anteriores/30-concurso,,,,,2026-10-01T14:01:47.226984+00:00,200,text/html;charset=utf-8,sources/MPF_30.html,0cc3bcb6242ac64f4291aaec2fb82b33f7e01f345cd78ea2994ee66bb2989c79,258041,,BUILD_OR_DISCOVERY,True,SEE_SEMANTIC_REVIEW_LOG_NOT_INFERRED_FROM_DOWNLOAD
MPF_31,https://www.mpf.mp.br/o-mpf/concursos/concursos-de-procuradores/31o-concurso,https://www.mpf.mp.br/o-mpf/concursos/concursos-de-procuradores/31o-concurso,,,,,2026-10-01T14:01:47.227303+00:00,200,text/html;charset=utf-8,sources/MPF_31.html,f55ce8bb82bce1a97174e258109bb01fc356a50608217755f26c4a037188ad99,289132,,BUILD_OR_DISCOVERY,True,SEE_SEMANTIC_REVIEW_LOG_NOT_INFERRED_FROM_DOWNLOAD
MPF_31_OBJ,https://www.mpf.mp.br/o-mpf/concursos/concursos-de-procuradores/31o-concurso/documentos/prova-objetiva,https://www.mpf.mp.br/o-mpf/concursos/concursos-de-procuradores/31o-concurso/documentos/prova-objetiva,,,,,2026-10-01T14:01:47.229147+00:00,200,application/pdf,sources/MPF_31_OBJ.pdf,8a544b495e9d8b83d4a03a0abff3e34e8ceb2cc66b13a220f00a65db2b7712cf,427138,,BUILD_OR_DISCOVERY,True,SEE_SEMANTIC_REVIEW_LOG_NOT_INFERRED_FROM_DOWNLOAD
MPMS_2026,https://www.mpms.mp.br/concursos/49,https://www.mpms.mp.br/concursos/49,,,,,2026-10-01T13:46:13.532464+00:00,200,text/html; charset=utf-8,sources/MPMS_2026.html,6d06412d1e3a69e178ed709c923d457197bac0a9d4749f450ea0f5e4cf009a33,31267,,BUILD_OR_DISCOVERY,True,SEE_SEMANTIC_REVIEW_LOG_NOT_INFERRED_FROM_DOWNLOAD
MPMS_2026_DOC_62,https://www.mpms.mp.br/concursos/49/andamentos/4534,https://www.mpms.mp.br/anexo/MTExMDYxNDAyNDQ1ODc5Y2EzODNlMjkyNDI2ZDlkMjk4NTBkOTA4NjE1NWY2LTA2OQ,EDITAL Nº 14/2026/COC/MPMS - DIVULGA o GABARITO DEFINITIVO PROVA PREAMBULAR,,MPMS_2026,,2026-10-01T13:58:02.127387+00:00,200,application/octet-stream,sources/MPMS_2026_DOC_62.pdf,d65e61711df0a27ed8730fb7442819346f70cd5d8cdff5cb8ecc61fd3f698720,189713,,BUILD_OR_DISCOVERY,True,SEE_SEMANTIC_REVIEW_LOG_NOT_INFERRED_FROM_DOWNLOAD
MPMS_2026_DOC_65,https://www.mpms.mp.br/concursos/49/andamentos/4481,https://www.mpms.mp.br/anexo/MTExMDYxMzkxNTk1OGRjZTVlNDk5M2U0Nzk4MzI4Y2Y0ZmY0NDUzMmNlNTYyLTA2OQ,Prova Preambular - Caderno de Questões,,MPMS_2026,,2026-10-01T13:58:02.127694+00:00,200,application/octet-stream,sources/MPMS_2026_DOC_65.pdf,27300a849a33496b6fc1888745db9e90f727c87d9f4d2d76ff46a0573de7b50f,721755,,BUILD_OR_DISCOVERY,True,SEE_SEMANTIC_REVIEW_LOG_NOT_INFERRED_FROM_DOWNLOAD
MPM_INDEX,https://www.mpm.mp.br/concurso,https://www.mpm.mp.br/concurso,,,,,2026-10-01T14:01:47.227841+00:00,200,text/html; charset=UTF-8,sources/MPM_INDEX.html,d86c548c2972afeeb4b084ec1ebc4f6eb2345f7cd3a27ca0b70baae73191f251,60806,,BUILD_OR_DISCOVERY,True,SEE_SEMANTIC_REVIEW_LOG_NOT_INFERRED_FROM_DOWNLOAD
MPSC_2026,https://www.mpsc.mp.br/concurso-promotor-de-justica,https://www.mpsc.mp.br/concurso-promotor-de-justica,,,,,2026-10-01T13:46:13.529479+00:00,200,text/html;charset=UTF-8,sources/MPSC_2026.html,a190355a32f8fc3c5b9c0a85438994f5b0ffc449ef6c728d79ef408e5cd69bc6,288789,,BUILD_OR_DISCOVERY,True,SEE_SEMANTIC_REVIEW_LOG_NOT_INFERRED_FROM_DOWNLOAD
MPSC_2026_DOC_122,https://www.mpsc.mp.br/documents/d/guest/edital-45-concurso-adequacoes-cronograma-comunicados-28-e-29-,https://www.mpsc.mp.br/documents/d/guest/edital-45-concurso-adequacoes-cronograma-comunicados-28-e-29-,EDITAL 45º CONCURSO,,MPSC_2026,,2026-10-01T13:58:02.122552+00:00,200,application/pdf,sources/MPSC_2026_DOC_122.pdf,bd89240f1250fb4034e8e143d583c2109d5b526e0a6c5e42d549b0fb466c887a,792098,,BUILD_OR_DISCOVERY,True,SEE_SEMANTIC_REVIEW_LOG_NOT_INFERRED_FROM_DOWNLOAD
MPSC_2026_DOC_137,https://www.mpsc.mp.br/documents/d/guest/comunicado-n-07-pdf,https://www.mpsc.mp.br/documents/d/guest/comunicado-n-07-pdf,"Comunicado n. 7 - DIVULGAÇÃO DOS CADERNOS DE QUESTÕES E DOS GABARITOS DA PROVA PREAMBULAR OBJETIVA, O PRAZO PARA A INTERPOSIÇÃO DE RECURSO, A COMPOSIÇÃO DA BANCA",,MPSC_2026,,2026-10-01T13:58:02.123228+00:00,200,application/pdf,sources/MPSC_2026_DOC_137.pdf,0022e9ff464854a98e06dd8fa0253f562a497eab3fa796e466cb82b2ffe9db62,182508,,BUILD_OR_DISCOVERY,True,SEE_SEMANTIC_REVIEW_LOG_NOT_INFERRED_FROM_DOWNLOAD
MPSC_2026_DOC_139,https://www.mpsc.mp.br/documents/d/guest/comunicado-n-09-divulgacao-dos-gabaritos-finais,https://www.mpsc.mp.br/documents/d/guest/comunicado-n-09-divulgacao-dos-gabaritos-finais,Comunicado n. 9 - Divulgação dos Gabaritos Finais,,MPSC_2026,,2026-10-01T13:58:02.123790+00:00,200,application/pdf,sources/MPSC_2026_DOC_139.pdf,b8232315fe1bfe651ce0b23953a2318666bf5e61489a2aa60bad405153648f0b,247994,,BUILD_OR_DISCOVERY,True,SEE_SEMANTIC_REVIEW_LOG_NOT_INFERRED_FROM_DOWNLOAD
MPSC_2026_DOC_150,https://www.mpsc.mp.br/documents/d/guest/comunicado-19-gabarito-oficial-processo-seletivo-preambular-discursivo-versao-final-,https://www.mpsc.mp.br/documents/d/guest/comunicado-19-gabarito-oficial-processo-seletivo-preambular-discursivo-versao-final-,Comunicado 19 - Gabarito Oficial - Processo Seletivo Preambular Discursivo,,MPSC_2026,,2026-10-01T13:58:02.124254+00:00,200,application/pdf,sources/MPSC_2026_DOC_150.pdf,7d897cb2e7acc50adb650da40036104af20336458e4fc9553d31c0b03cc14b3a,678644,,BUILD_OR_DISCOVERY,True,SEE_SEMANTIC_REVIEW_LOG_NOT_INFERRED_FROM_DOWNLOAD
MPSC_2026_DOC_151,https://www.mpsc.mp.br/documents/d/guest/comunicado-20-correcao-erro-material-gabarito-final-,https://www.mpsc.mp.br/documents/d/guest/comunicado-20-correcao-erro-material-gabarito-final-,Comunicado 20 - Correção erro material Gabarito,,MPSC_2026,,2026-10-01T13:58:02.125133+00:00,200,application/pdf,sources/MPSC_2026_DOC_151.pdf,3890624c6cc7e42694700b17d3f7fcf334eaa46ae98886dd601082b9f253febb,197867,,BUILD_OR_DISCOVERY,True,SEE_SEMANTIC_REVIEW_LOG_NOT_INFERRED_FROM_DOWNLOAD
MPSP_2026,https://www.mpsp.mp.br/w/97-cimp,,,,,,2026-10-01T13:46:13.531343+00:00,FAILED,,,,,HTTP Error 403: Forbidden,BUILD_OR_DISCOVERY,False,SEE_SEMANTIC_REVIEW_LOG_NOT_INFERRED_FROM_DOWNLOAD
MPT_INDEX,https://mpt.mp.br/pgt/trabalho-mpt/procurador,,,,,,2026-10-01T14:01:47.228322+00:00,FAILED,,,,,HTTP Error 500: Internal Server Error,BUILD_OR_DISCOVERY,False,SEE_SEMANTIC_REVIEW_LOG_NOT_INFERRED_FROM_DOWNLOAD
STF_TEMA506,https://portal.stf.jus.br/jurisprudenciaRepercussao/verAndamentoProcesso.asp?incidente=4034145&numeroTema=506,,,,,,2026-10-01T14:01:30.127057+00:00,FAILED,,,,,HTTP Error 502: Bad Gateway,BUILD_OR_DISCOVERY,False,SEE_SEMANTIC_REVIEW_LOG_NOT_INFERRED_FROM_DOWNLOAD
STJ_ARMS_2024,https://www.stj.jus.br/sites/portalp/Paginas/Comunicacao/Noticias/2024/15092024-Porte--posse--crime-os-delitos-relacionados-as-armas-de-fogo--segundo-o-STJ.aspx,,,,,,2026-10-01T14:01:30.125999+00:00,FAILED,,,,,HTTP Error 403: Forbidden,BUILD_OR_DISCOVERY,False,SEE_SEMANTIC_REVIEW_LOG_NOT_INFERRED_FROM_DOWNLOAD
STJ_CONSENT_2023,https://www.stj.jus.br/sites/portalp/Paginas/Comunicacao/Noticias/2023/15092023-Permissao-da-vitima-para-aproximacao-do-reu-afasta-violacao-de-medida-protetiva-da-Lei-Maria-da-Penha.aspx,,,,,,2026-10-01T14:01:30.125021+00:00,FAILED,,,,,HTTP Error 403: Forbidden,BUILD_OR_DISCOVERY,False,SEE_SEMANTIC_REVIEW_LOG_NOT_INFERRED_FROM_DOWNLOAD
STJ_LICITACAO_2024,https://scon.stj.jus.br/SCON/GetInteiroTeorDoAcordao?dt_publicacao=25%2F11%2F2024&num_registro=202302395256,,,,,,2026-10-01T14:01:30.126678+00:00,FAILED,,,,,HTTP Error 403: Forbidden,BUILD_OR_DISCOVERY,False,SEE_SEMANTIC_REVIEW_LOG_NOT_INFERRED_FROM_DOWNLOAD
STJ_POLLUTION_2025,https://www.stj.jus.br/sites/portalp/Paginas/Comunicacao/Noticias/2025/07112025-Crime-de-poluicao-ambiental-e-formal-e-se-configura-mesmo-sem-efetiva-ocorrencia-de-dano-a-saude.aspx,,,,,,2026-10-01T14:01:30.125642+00:00,FAILED,,,,,HTTP Error 403: Forbidden,BUILD_OR_DISCOVERY,False,SEE_SEMANTIC_REVIEW_LOG_NOT_INFERRED_FROM_DOWNLOAD
VUNESP_PCSP2301,https://www.vunesp.com.br/PCSP2301,https://www.vunesp.com.br/PCSP2301,,,,,2026-10-01T14:00:44.858227+00:00,200,text/html; charset=utf-8,sources/VUNESP_PCSP2301.html,9d8c5c500ce705281a0a0cd3cfffc8dda1a2c7826d2d996120a8f12d418e62ad,51466,,BUILD_OR_DISCOVERY,True,SEE_SEMANTIC_REVIEW_LOG_NOT_INFERRED_FROM_DOWNLOAD
VUNESP_TJSP2402,https://www.vunesp.com.br/TJSP2402,https://www.vunesp.com.br/TJSP2402,,,,,2026-10-01T14:00:44.910738+00:00,200,text/html; charset=utf-8,sources/VUNESP_TJSP2402.html,fbeb3f63a747be8eb85be8027bc429fe274f51b4164679fa6cffa4c89f4db157,51669,,BUILD_OR_DISCOVERY,True,SEE_SEMANTIC_REVIEW_LOG_NOT_INFERRED_FROM_DOWNLOAD
VUNESP_TJSP2502,https://www.vunesp.com.br/TJSP2502,https://www.vunesp.com.br/TJSP2502,,,,,2026-10-01T14:00:44.944263+00:00,200,text/html; charset=utf-8,sources/VUNESP_TJSP2502.html,287dfddab34129467fb661a7035568770c0e55dc1f61900ea840175ee41f9e8c,51437,,BUILD_OR_DISCOVERY,True,SEE_SEMANTIC_REVIEW_LOG_NOT_INFERRED_FROM_DOWNLOAD
